x1,x2,true_cluster
-7.081090303357092,-5.663897183536274,2
-9.183928827944662,5.937173199096247,3
-8.088531571025452,5.224563653295791,3
5.656767643237005,1.241302571722178,1
7.732134201182698,3.7857190298304455,1
-7.812973771835294,5.274589348697901,3
-0.347287689453577,6.860492901429162,0
-5.946316475086167,-8.5883592699471,2
3.5491730724907984,1.6018917306134748,1
-5.265616483253373,-6.848142120268033,2
-9.458525498320924,7.713943675373033,3
-2.4896947852358897,11.194587243934297,0
5.494529756576407,2.6447325239667046,1
-8.552374369738473,8.735488786649928,3
-10.172188998978497,8.756473752855332,3
-1.4739816354860813,8.412455420369568,0
-9.101673674884834,8.326505122635563,3
-11.320658910978455,5.883453472579507,3
-10.601719665073288,5.980918152083796,3
0.02151482955609696,10.336745763622497,0
-8.758217357770949,-6.334661769338495,2
5.093832034086651,0.841755908911695,1
-7.641837487622237,-7.101780071502154,2
-5.0965743718222996,8.170854834336863,0
-10.096206454306857,5.993501532073517,3
-9.056390726228608,-6.898243015045028,2
-4.2356879891862045,9.57783315571683,0
0.69035243893165,6.086154428914568,0
-8.95922738058115,6.073938829997565,3
-9.319329194971798,10.016339949367186,3
6.481382324938039,0.15870815590392384,1
-6.588050738785266,-7.409859032491979,2
4.757831621702238,-1.0241313428574292,1
-7.819267832201255,5.600331862760719,3
-4.781984216350579,11.064597529365109,0
8.480005643631294,1.8290798343537573,1
-6.695621717159077,-4.443091905571606,2
-3.643723740979205,6.880905563801811,0
0.320081228763045,9.27615284744608,0
-3.485161476735491,8.283598052551277,0
7.752770145166,0.9393879568063803,1
5.447322954802551,3.5819306899054353,1
2.421511483066908,2.2482095636094654,1
-2.3389216051758783,10.007482139979892,0
-7.9424854292559335,5.901000909162402,3
-4.309642233636414,8.512534274436899,0
-2.337856150059691,9.239738770391138,0
-8.546814126556818,-6.510352425627939,2
2.2503882359305973,2.6338817908813303,1
-6.777843925360165,-5.600949080592617,2
-5.894446970839818,7.329066423270474,3
4.359571369986063,1.3135730965294696,1
-6.1128232918637995,-4.81962177553151,2
-7.341678617429882,-5.710618794871937,2
-7.97863603677421,4.644723177597537,3
-7.838859005272193,8.017409854779629,3
6.725190159754071,2.8098851434685255,1
0.6740366724661997,10.562984019025041,0
4.534630269040131,-0.5182717163332553,1
-5.999586488938358,-7.592465078209734,2
-2.4018482672236616,8.297799958050646,0
-10.776721799294439,8.358084623366494,3
-0.9528877066659014,8.2492615299162,0
4.797942095447041,-0.027868558436574542,1
4.432194860252441,0.1367223295066835,1
-0.1301723988347221,7.157562879958048,0
-9.182413872738053,7.258307490777909,3
7.230324613078209,1.3737154055188285,1
-10.107350293145227,-7.958839572139577,2
-1.8898004416393137,8.16869929899236,0
-9.883485484280373,8.196562766125794,3
-7.853686748633409,-4.898153544866428,2
7.4098343302996,0.36804253445150303,1
2.5123302368285536,-0.6680435340304318,1
-2.0199980896895733,7.137615763620367,0
3.069512362205192,2.7781488127316614,1
-5.315385504591534,8.487015902136358,0
3.4625313666047415,2.9455903347065204,1
-3.9936048534406217,8.825605748048849,0
6.133950364936826,0.8379770510865407,1
-2.3287541754849017,9.785944379286445,0
-8.152407149713149,9.507256398718853,3
-8.258114975602206,8.959993553277654,3
-11.083121639271129,6.348487013888356,3
7.772440893399192,1.7637852417079714,1
-2.2363982404650073,9.386617007648825,0
5.608105107939714,5.218051768898922,1
-7.50303013994883,8.876396917584332,3
-1.917519409485305,8.382809406967928,0
-7.214826164709049,-7.404084787453243,2
-1.7993411861924329,8.905042759213012,0
2.774083983141174,0.933811887246871,1
-2.797739070224434,9.46660714169874,0
-8.513164410992067,5.6775691240494375,3
-1.442757670747513,9.680681095427381,0
-1.7366260935936784,14.793383364180404,0
-7.467264414717003,-8.263724870023701,2
-6.010177431330907,-6.391415118402697,2
3.7042253951843938,4.844216714740911,1
-7.371469265920647,-6.6473235674874775,2
-4.296152868856723,9.999116541149066,0
-10.14076685445056,8.125466544682356,3
-3.326576253266175,9.612990299726428,0
-8.30957030410069,6.467995865878183,3
-7.579917005931592,6.397643135678319,3
3.1527903120436407,-1.2569154864648402,1
-8.592160862351527,-7.1705987821955235,2
-7.683572358822342,-5.668022895854229,2
-7.798283253111927,-6.337854305466794,2
-6.779141115313962,-6.106200766719797,2
3.683798145268325,3.75669448060206,1
-9.026509146640361,7.81534220173774,3
3.8144211054599713,0.9657346320336546,1
-6.984654468902779,5.71694239602513,3
-2.6248501871739065,9.526014090423287,0
-1.119931301755288,11.878411088903517,0
-2.4364151811355095,7.767860953581765,0
-4.018223695302304,7.193003209016723,0
-4.620465165129482,7.847561096812009,0
6.440499698144739,0.9878282654836383,1
-5.449922240281403,-6.44942334547321,2
-9.74544475344333,4.0151738298501,3
-9.377980725319638,5.334451386375646,3
-10.643129039719728,5.7604562971340485,3
-3.2134092019551783,9.828126193577269,0
-6.999089278019842,-6.201551898901346,2
-3.8349837773544495,9.244873787116614,0
3.018294025615708,3.552898963940087,1
-7.559499804685791,-4.7014082915698285,2
-2.2528994658608372,8.738311123669304,0
-5.190551814993018,-6.957200178658676,2
-9.256772152133722,6.903882662754952,3
-9.256652847862146,8.591259872275185,3
-5.5092502518013955,-8.084878019296465,2
-2.023071668960558,8.436662707573847,0
-9.774845841205847,7.046734879014929,3
5.900844159711188,0.9942337149871456,1
-5.844826521960064,11.988400749506745,3
-7.317344094524586,-9.224895806320932,2
-2.1557757858899014,10.170583919028772,0
6.932581475846899,2.7349233183751673,1
-7.2824231630100185,-8.216897931398877,2
4.69100403861694,0.8182098373527693,1
-3.995002110748783,8.164839533794163,0
5.2227467430245476,5.712668960089918,1
-8.493221617848906,8.070137549135794,3
-8.738287804632122,-9.081397491904607,2
-6.371901425958733,-7.323211708484491,2
4.97690592485593,3.372055931750367,1
-6.507087125563849,8.60448688032704,3
-8.650846414114538,-5.2086270512726385,2
-8.663745030452262,-4.416100163392001,2
-9.341034428393188,7.837029667233136,3
-4.810368879156184,10.930801361046086,0
-7.381790189311081,-7.485582288138942,2
-0.7949634012802194,10.142185677228483,0
6.0184935607097545,1.537757867657755,1
-1.7517167045820645,10.312918919453503,0
-3.6698814217081095,7.147304073231195,0
6.953043765079915,4.982309016179416,1
-3.2170954217369,10.64771202364937,0
-2.0877098214502015,8.08023684846743,0
5.615180603166093,1.8244058882716576,1
-8.352242214303669,5.601985830775202,3
5.047247092021162,0.05804682021026775,1
-4.284085392051413,5.9554378615581705,0
-8.287105258424553,6.853228386240106,3
-8.115528664058273,8.144420111565653,3
-6.132294568406092,-5.169886035494047,2
-1.9330994496437892,8.965244006057182,0
4.543671316338613,2.4663132993959525,1
-6.478937214634045,-6.117022058431046,2
-6.879316593773974,-6.8940600749838685,2
5.2843061649269805,2.284701214685399,1
4.839333347448416,0.9229884615319721,1
-7.894033380303294,6.117049276008714,3
-9.045409415351582,-10.324381022981804,2
-5.763339233901365,-7.1519458531031015,2
4.571499811694855,2.3381788579247695,1
-9.404784479482696,-8.08891469302023,2
-7.5345958678906655,6.640213626462897,3
-4.9008391112443,8.115223593767663,0
-6.91940908002486,-8.202921570117523,2
3.8634618876738442,2.3088516113990796,1
-6.774548946481498,-5.137292139363661,2
8.088226021656977,1.4289118432812433,1
3.562267937874305,3.315556249357394,1
-11.408895424882509,-6.604335276145404,2
5.5725937795538965,-0.38216739589495274,1
-6.031879993578337,7.907944181555059,3
-7.866801924764155,-7.335698636440943,2
4.353855235083081,2.2993189937103162,1
6.085697511420466,5.288954186327759,1
-8.252283875243794,5.333814723032079,3
-7.806105034302796,-7.354218877316521,2
5.04045423503199,3.3076158773758877,1
6.276844017119505,2.8868768653014976,1
5.100988882941753,3.196775502749677,1
4.3084325754836055,2.013498442432528,1
6.363788825656615,0.9184050462519009,1
-1.3882572153678574,9.929841526348518,0
5.723450872969758,1.4139199558030815,1
-3.2372429447964053,9.137097337277805,0
-6.4939946038737135,6.9125332927547465,3
-8.710350542788474,6.1111243330373135,3
-3.0232693978429044,7.810870224365893,0
4.057613608416258,2.2287940175039633,1
-7.372554904774747,-5.975328446652432,2
-7.164685743653512,-7.416277727491588,2
-3.7219380273925315,8.261650562821517,0
-2.1926714222488224,8.869216460392733,0
-2.7010740102739,7.580975467297683,0
-1.7876837754476802,9.350112164617018,0
-6.622926117458599,5.571853588596801,3
3.783110351553906,2.8320438559749697,1
5.001008605460954,5.8756943552113245,1
-9.14711690295652,6.203655395688345,3
-1.889045268217199,11.82947984703542,0
6.116362433942977,1.6521864176024685,1
-1.5879475729876122,10.15054769326928,0
4.862880022031269,1.467540727263673,1
7.231193591379169,2.6276551884517803,1
-5.177277996409169,11.258352595432097,0
-10.017306805588484,5.2519560107680405,3
-3.2157550814802343,9.362361034234777,0
-8.76987433891014,-7.8046517053351625,2
-7.940136172293145,8.326033648575825,3
-2.8676196933523648,7.652940635135925,0
-0.041746052800824884,8.640732068863754,0
-2.0107266050833625,7.891556323363491,0
-6.352454879838896,-5.274884235801306,2
-8.918008736162328,9.158876239126645,3
4.38920171575282,2.193240213590716,1
-10.03838560323248,7.228236053575671,3
-6.49901769890941,-6.178569835627797,2
-4.50881616129871,-8.402750881017749,2
-9.01347663032888,6.370186153392098,3
-10.934475630650127,-5.8632966139795855,2
-7.6101612910037195,9.630420793117533,3
3.508931952928087,1.5521570686405708,1
3.767357465305136,0.4510345879014317,1
2.5071628361153357,4.225170161873962,1
-2.359720575421288,8.259072647024023,0
-7.612901323830681,-8.559535743209464,2
-8.989103386659021,-7.004767952218989,2
-7.652769912558443,7.833599857352039,3
-7.981514556348344,-8.095488248797519,2
3.6362697282382266,3.533026715034847,1
-9.952054105443587,6.595564162446901,3
3.681436214693848,-0.01146500617051549,1
-6.395008281477226,-7.258639846465378,2
-1.966743585481299,8.046606496290636,0
-0.9654641670642847,9.723182351817886,0
5.753021894242062,2.42210855455047,1
-6.642061898507354,8.818811075697415,3
-6.485785197648383,-6.58972472622463,2
-9.537036110313254,7.09726634814866,3
-8.696385085072443,-5.78396341467616,2
-7.584690412790522,-6.481292248797874,2
-6.264899205758502,-7.24199607520376,2
-6.8788352528663745,-5.978299469882274,2
-1.4014977530596346,9.271338549983277,0
-2.4218845453837505,7.299830681452387,0
3.8120916173894313,5.810468612443111,1
-3.3188371435167925,7.846829040094852,0
-10.469196664930214,5.694785222170925,3
-12.195674606623468,4.142472686546104,3
-6.720785511478419,-6.003490122567221,2
-7.003648219915319,-7.062730855850872,2
-8.634502444716702,-11.18850291319842,2
6.988164880079612,1.8745442923312503,1
-9.782222847175193,9.624114480373452,3
-8.114954327615024,5.467029282007756,3
4.532476947107005,1.9173363291759695,1
4.9114111742836615,0.02792176200696206,1
-7.471283673373928,7.482153602405924,3
3.9150991427790403,4.334149828875781,1
-1.2761073830610152,11.859475602179243,0
-8.415907427645077,-4.0989707437746645,2
-3.169264353098226,9.210396994127459,0
-9.627699541412142,9.406029582811374,3
-5.87033533720104,-5.992388392663879,2
-9.502893788328734,6.604283464399838,3
-3.899593330419875,8.924998094105622,0
-9.631794318732034,5.7386864513583244,3
4.976556564068059,3.543817137858964,1
-7.21934552900356,-6.32906133305168,2
4.796180492155916,1.8792799920914485,1
-9.015562919826488,-7.280088087127568,2
-9.834782917719023,-5.541213585826982,2
-2.188057006857444,7.14567796013034,0
-7.343471990766839,6.623779846656406,3
6.432448779615365,-0.31161067323492997,1
-1.4266895269878974,7.320708471372478,0
-10.476228607228979,8.658894166753466,3
-2.838705454809018,9.549954985465941,0
5.73883895205147,1.8520948137778586,1
4.615244492118974,3.755759594112858,1
-10.533633343646896,10.941037928866335,3
-4.640594337711987,-7.286794994839799,2
5.5517236008029105,2.253083368675269,1
-10.19742005814553,-4.579959041331458,2
4.784060001639577,1.2797567508831684,1
-4.429841651797175,11.646477401174868,0
4.534130669139465,2.7029221496800346,1
-7.994006466374478,6.003801385245621,3
-3.894047492219107,6.9867592197738215,0
-10.475879070844982,6.742873361787102,3
-6.315012902004995,-8.233186924812212,2
-2.5015274380890586,8.662405428135601,0
-7.070950871717572,-4.613377197904925,2
5.295286090847626,3.759139096120244,1
-2.608317321023725,7.197761828554636,0
5.23871352013602,2.9439635934948436,1
-6.595254766253155,-5.378540454425234,2
-2.855599418365767,10.058595675418449,0
-5.330807884638784,-5.190051888034572,2
-6.471150670292733,8.801697443921531,3
6.713117322784392,2.946234515325196,1
4.696884053480402,2.153216674018124,1
2.4678579856037355,-1.325039250989391,1
-4.903954590141472,-7.057212383762565,2
3.737827370301281,2.4528425851545377,1
3.460894645466177,-0.023679746395935064,1
-3.5245806235116883,9.931800561459623,0
-7.150347061537208,-2.090448241508655,2
-5.378753714086803,-7.886039906890914,2
-5.895776026356629,-6.588005301197784,2
-6.165090537116941,-6.121904354526007,2
-9.302324915009535,-5.1330005615901895,2
-10.675058475270765,-7.309115926096113,2
-10.062409539664163,-7.791842573917595,2
-5.295541977552192,-6.545251222082207,2
-3.2043241622714436,8.315691497842936,0
4.6821505722817935,1.9594911889744266,1
-9.22259738537908,6.961276746692535,3
-3.339671581073523,7.217469289315049,0
-8.225416795083358,6.861810208790377,3
-6.381656695297748,-6.594360073607347,2
-8.800245125822395,4.4440131812022186,3
-4.835192769651949,9.117130590407363,0
-11.653156815698821,8.253090084447908,3
3.9614193573544862,-1.6626493060027032,1
5.210175612737046,2.8890483018664668,1
-9.692385895619887,-6.707570474554821,2
-1.136094446499639,9.507412792687848,0
-8.005058787122637,5.945493148269562,3
-7.029858305871199,-7.185620218541396,2
-2.677689697588995,8.682831728898487,0
-5.610360773112565,8.880606068929138,0
-6.236402440655411,-5.84045118238123,2
-7.036301018957477,-7.133342178060962,2
4.157426259402028,5.088291659281993,1
-1.0781949778129467,9.991373005157019,0
-8.91167353184717,5.21573814529334,3
2.762569699942435,4.138816590050621,1
-7.5191635854595855,-5.157441029480815,2
-7.945783557882663,6.487388335836221,3
4.278024749443606,2.5012527787121774,1
-3.1842958302716156,9.94856102671957,0
6.810345662758701,2.268001848708094,1
4.091896509259938,2.2501901427380946,1
4.927952510963149,1.5094949876369799,1
-5.098548113804143,-2.995764130248026,2
-0.4050061566486014,6.9115095340099,0
-8.346595997371383,8.709928124805447,3
-7.43793735525785,-5.246986663719667,2
2.5555201360827073,-0.4949284364946056,1
-10.537852928565915,-7.081528336555403,2
-6.152527965209558,-8.149644575762256,2
-5.679012903309747,-5.748672598555585,2
6.250326461017759,0.43339673482414165,1
-8.235179982246462,-6.393570670693542,2
4.6829960706303275,3.89084747785168,1
-0.33248221136018774,10.453192367326132,0
-9.993321855932196,5.379347919123862,3
2.3050059882384746,1.3309969424918633,1
-2.536967327041335,8.581298169818114,0
6.716288063993879,2.8190333640192713,1
-3.9712201283937323,10.194913033812,0
5.982668666269699,2.9259273864636866,1
-10.890800314885226,10.304436914344915,3
8.118873146200642,2.5631464430322897,1
-2.0188065624065064,8.685635334985026,0
-6.858217589396619,-8.311018722370914,2
0.7067185109352385,9.965164661675338,0
-5.730506773574234,-5.039709757449485,2
-9.012671321318948,7.645592690254492,3
4.193533581188113,4.036729903908161,1
-1.6885515512976932,8.710997149547481,0
-1.222708188249721,8.77437833325318,0
-1.1056800333315584,10.921618770689559,0
-5.870766639347173,-4.030286690933123,2
-5.849554726883833,6.173538033823681,3
-7.16330777731682,-5.497634425389258,2
-5.119940234771308,-6.325646304978806,2
-8.25884277991867,7.016816084019521,3
-7.417137419183104,-7.851422301728685,2
-7.8152496580670805,9.554392148502593,3
7.0900261346797455,0.2536515944127,1
-4.750222684380814,-7.780744941884004,2
4.565683271749452,2.9853989221906376,1
-8.88874660369158,8.005634283710405,3
-7.9422373415169645,-9.150681182195187,2
-5.689394110322951,-9.502907553133218,2
-7.844951939627463,-5.335168366904204,2
-7.214430573103478,-4.645314435372823,2
-1.0641334291862674,9.63345751860307,0
-12.959585020723862,6.573927651271257,3
-1.5411336986750288,11.067233464496844,0
-6.845928351933201,-6.059430920513131,2
5.103128355126547,4.526492100893589,1
-10.083994366470858,8.10729407339734,3
4.603346947836627,5.1865752218585275,1
3.720695800501522,1.3916173440367556,1
-8.061302819013628,-7.811380990652621,2
-7.928243167931736,7.048727987418121,3
-9.581213792380378,-7.694120292876979,2
-4.5757016749883865,7.607548568325638,0
-6.205114209162775,9.683052503320987,3
-6.216664373243685,7.818943244992607,0
-7.238025339905811,-7.430346210997978,2
-5.398625416267617,-6.99403612873973,2
-11.50268060598349,7.93650213271971,3
-8.337063130768664,7.09063434226158,3
-5.989292107729977,-11.290692545272368,2
-2.4815467234546604,9.535658686240827,0
-0.06627430469581252,6.944133940875984,0
-8.963484711321552,5.149055085950907,3
-6.394875619874098,-7.1015134727239495,2
-3.0128746719879427,11.51781841613241,0
-7.029335981815787,8.48963394464547,3
3.6994282495464503,4.691842520936126,1
-8.132341543596304,-3.7458015107337865,2
-10.723127679344236,-7.1666512371762,2
1.3508420818220404,9.103113779220054,0
-1.0835618657736747,8.148930644704716,0
3.156992175501725,0.3177857081170756,1
-6.908517760752862,-7.274445837088348,2
4.273643883292128,3.419300436373268,1
-2.877279797057056,7.883681881662087,0
5.81857907420435,2.611356026618179,1
-7.034509331374841,-9.344892810007197,2
5.376341263685479,3.0754863630154583,1
6.134279065398811,1.2325348091987633,1
-8.542389358189201,7.79048592566303,3
-3.668435444859108,8.659058218088308,0
-10.846236456220883,8.36290085004612,3
-6.907690325820116,-7.462887272909275,2
-9.642029951214457,4.762485979109283,3
-8.51522580731554,-4.763711023656541,2
-8.183219929035745,7.929965047941249,3
4.516652068639248,3.6491134313229234,1
-6.31397660029799,-6.924003813803414,2
-2.472432361664336,9.761283565066496,0
4.4388530862187245,1.9952019760345276,1
5.560155795323727,0.43898083614312355,1
2.5708999942063104,0.8767746240278533,1
3.938327034260264,2.492925506536806,1
-4.115536370144419,9.7379947510631,0
-2.603216268962508,10.446999608950179,0
-9.750140647649737,6.514838860775235,3
3.8205121638493775,2.5608756920445517,1
-7.442421761637176,-7.356682238410298,2
-2.0229480943200873,8.819071546646795,0
-0.5927002793701128,8.126929044944577,0
-7.02041177855641,7.715398712349487,3
-7.216911163863388,-7.8551134645111365,2
-7.921696887784858,-7.494033250445603,2
-8.885486512198176,6.0508799642124815,3
-1.2025105679052117,8.52525082994656,0
-7.50799667149006,6.692380224977123,3
-2.4256102546197083,10.655573405904745,0
-6.789728245751777,-6.4640441863386595,2
-8.382599863228696,8.40586667318792,3
-2.5013320734754756,9.084757018845435,0
-3.694909306220718,9.721488663902315,0
-2.1334583475339355,9.533958442443785,0
-3.5292347054204862,9.362666673939827,0
7.148737416484656,2.6016981979897995,1
-8.648186877890973,-5.098590510583601,2
2.582027121831067,-0.4471724128743797,1
-8.3371122929632,-8.949536840459341,2
-4.914164071971857,-4.7865838770910125,2
4.682356400423793,2.01780389318435,1
-7.8626526178318015,5.068902462858976,3
3.9706036864059318,-0.8611414124775645,1
-8.712587814741969,9.439211633303959,3
-9.130373700811033,7.227240649835957,3
-7.848573459838073,-8.078897603251328,2
-6.766476732798881,-9.2830583111217,2
4.389196265548484,2.3970396096731816,1
-1.757821841616179,7.547953261000495,0
-5.9225505389901345,-6.128842880859262,2
-9.791371339874454,5.5390229268631614,3
4.266842146952781,4.384188047970721,1
-8.227803263635963,-8.875580031884432,2
-9.210265340175367,-5.653275106238404,2
-2.9821014900132687,10.152739958938223,0
-2.249426234275977,9.592262197791577,0
-9.377772265314704,7.775183924286316,3
3.7935074382420186,2.2499966387362873,1
-8.562575982152254,11.363073411469447,3
-9.335290331410995,6.405167813737078,3
-10.138631510172324,-5.608977077550314,2
-9.69307714899415,7.817786018858217,3
-7.593958501468259,-5.568525822206855,2
-7.492728461305312,9.235835477416787,3
3.6377431557635282,3.461233208245516,1
-8.70069902996345,7.701883510138719,3
-5.425441390361165,-6.23931805046842,2
-7.705432465388645,-8.711178232147184,2
-4.950511279877494,9.086413548190395,0
-3.822625003129886,6.940086531751818,0
-4.9204224748945915,9.291236915996778,0
-2.821380998588663,8.274784726210072,0
-1.9524788129957868,8.108308348124591,0
-2.8826438457713603,10.471642554629854,0
-11.134989010469594,8.094905049525455,3
-1.2710730995707054,10.23455058219928,0
0.8089971338751694,3.3746495507996426,1
5.618363153848231,-0.39141855153564187,1
7.060445739816072,2.6534711362117016,1
-1.996563659387011,11.82854238702215,0
-9.392243465505315,7.53860561651208,3
-8.087329174564196,7.398183446270143,3
4.9346605907803065,3.0366753203235004,1
-2.558327528376748,8.199148971497674,0
-6.559832248794736,-8.008063590884175,2
-8.48783570912968,-11.262135318517858,2
-3.325771709840524,9.180670012763121,0
-4.727076991722512,10.729917193008715,0
-8.723951582829896,-6.135060758421164,2
-8.223683562696765,6.031891050238348,3
-2.1193734316801147,10.187020435864287,0
-3.2001557794924316,10.599969467526694,0
-8.088800091181609,8.031526321877614,3
6.13689400101758,-2.3712133833498017,1
6.523513024588382,0.6312587306114761,1
5.590544157626249,2.5938683301179792,1
4.8807398078028985,1.9777387141708538,1
-5.819922088084862,8.859087234659174,3
4.729324391108363,1.0027645173823712,1
-7.839441378554318,7.955902831420387,3
3.434366984273505,4.431844892106833,1
3.7314555266228053,4.712184254261136,1
-10.013976255015605,6.287711337024314,3
2.6191894019335566,0.5157486261747546,1
4.579641910261587,-0.17299296923634033,1
-9.394089904521053,5.215172386730741,3
5.477369205010685,2.0871777710593493,1
-6.328696221049259,-4.122834078083263,2
4.736590458443282,-0.990030165590075,1
-2.8357194278935807,10.662451406179107,0
5.323710494350513,5.2206732012923585,1
4.762622874049449,1.824835204154018,1
-4.130792614452596,9.938189538614717,0
-9.332499436156647,8.421328971931146,3
-9.93476217020922,8.460405690384132,3
-11.115138376657224,6.787979114288789,3
4.610422137838079,2.8019046155664538,1
-5.771411469820015,-5.957058367256367,2
-4.9571614986456165,-6.04357300218826,2
-8.54579028059382,6.186099812167318,3
-9.848576906714952,-5.7582442090996455,2
6.302153061334376,0.4133107932524358,1
-9.721627996744054,6.067629268924152,3
-2.891663449184033,11.270275611072353,0
7.875841156126357,1.0645972994357245,1
-3.1756375131669174,9.5802368677656,0
-7.267821285151924,-4.482138837518871,2
-8.230558293123073,-5.922521704863372,2
3.974955459440836,0.6459656129003806,1
-3.227958979820685,8.735797663202597,0
4.973079493678671,1.2550467514455161,1
-8.322645934311183,7.250544388143027,3
-6.942767740154007,6.0540489493001,3
-8.9492491050486,6.646033701259269,3
-3.5821531869427026,10.033682751600335,0
-2.9140100259928072,7.546140554524861,0
-10.226464695725392,7.706598549010179,3
4.569497967909325,2.688730924775414,1
-8.095913457966777,-8.766476381647871,2
-10.513114416558999,9.17724034550911,3
2.100443614935023,1.8256602437486071,1
-1.1231570942423987,8.736932923533837,0
-9.365449110206608,9.668642953746865,3
-6.240796381861717,-6.851387927152318,2
-2.751126190551764,9.620362413420128,0
-9.578011990235668,9.488970920701924,3
-9.748378198783955,7.640448453917912,3
-9.734593048673473,9.457077708046464,3
-1.5706966014052408,7.728549793573897,0
3.1080296105320313,3.035704354889762,1
-10.363352449500756,6.957402204987401,3
-7.819613593478717,6.870454666263907,3
-8.394891023515367,5.048559091367516,3
-6.632485929296495,-6.8037780404919195,2
-9.203403725698537,6.873765621086382,3
-2.3637036755636727,9.907021666353693,0
-5.632091734878333,11.55897068063338,0
5.493353455006014,4.415764618633539,1
-8.859084375777366,6.288931254402442,3
-3.888333974403455,11.33918773572463,0
-5.556127597666157,-7.558245092525567,2
-5.68823017171853,-8.761543728029821,2
-8.3123110601753,-6.2447109948857555,2
-2.913307874719587,10.090599511892265,0
3.5365839223434516,3.827309446756388,1
-1.6443621784691005,9.481161360013626,0
6.298167735665077,3.753715142281302,1
6.434736088724838,1.735375324400277,1
-8.40003866414645,7.042529387889141,3
-8.286853817148877,4.173483154021267,3
-8.282785244218163,-5.251136419013398,2
-0.11941768309365486,8.247462613551544,0
-3.05064687178137,10.753280833244693,0
-9.575058377349167,6.896209675444197,3
5.464956984764929,0.5206530016452791,1
-3.7425282164023974,9.37981694543619,0
-6.982170554609802,6.637570432868518,3
-1.8434684808334074,10.176237208342327,0
-5.92650014583743,-8.738997185556155,2
-7.695798194322559,-7.124298952384388,2
-9.279278178132284,7.2161240377116025,3
-2.3715564582494966,6.032932756296982,0
-2.025119782545616,7.773439712869838,0
-0.608830899272816,7.9527819297701505,0
-5.618697151394441,-6.060009240973878,2
-7.012171629959273,-7.435126138099138,2
-1.560024823893323,12.420325414904916,0
5.040967307335956,2.4557163932347525,1
-8.709488247196015,3.9945723563774003,3
-9.902697538759769,5.435765549485701,3
-6.877818978107934,-8.105742539878232,2
-5.641979794149818,-8.180804916842296,2
-7.773119132216508,-4.81845245351972,2
-2.9217751687802163,5.5614043810949445,0
3.6746014906578868,3.364929876062588,1
3.846953813603466,2.8527157120733717,1
-3.9730075025187492,10.59474882311008,0
-2.529443460159651,7.427719734764471,0
-4.653453148347323,-6.346689570097457,2
0.3138391216598002,11.032416197430788,0
3.3086405695249512,1.3169822334556165,1
-6.81422352159259,-4.337533032629818,2
-5.28931232990295,-2.74061953490933,2
-7.343440806726065,-8.00834420166182,2
-2.4408398631970294,8.036885606789596,0
-11.297554000424162,6.7348162564073935,3
-7.686016931688404,7.646617673683135,3
5.488143304675417,-0.6679744547929944,1
-1.7327090923490656,7.9256704084681235,0
-6.454695383832057,-7.268467053832063,2
-7.311835556370757,7.730765881737176,3
-7.57759287632135,-7.039032124732151,2
-5.799990277928997,-8.820019030082692,2
6.891018522179568,3.2485022971109716,1
-5.250947703742249,-6.733134863069603,2
-11.427037849821906,6.30717593699522,3
-8.464364863173417,8.891155626625833,3
-9.675780387555056,5.673291566041161,3
-8.884916155942364,5.958997790025952,3
4.458456613316429,2.6024683498012737,1
0.2642365193652676,10.704133672519959,0
-4.607048983781462,9.858739983234178,0
-2.168007721146556,10.975000259621964,0
3.625290383139197,4.674580333306956,1
-7.047163652064952,5.851774618789181,3
-5.0962571339393055,-5.817653822474351,2
-8.898433576361093,-8.108996382858193,2
-4.74550498700136,-5.4907864899135586,2
2.58956078860497,1.6360215811017067,1
-8.210730425302984,9.425920804918347,3
-2.561265277610615,7.261269071769023,0
-6.089492191417207,8.544750558676103,3
-3.7793882001553576,6.742015291169524,0
-4.027841162521759,-6.971100813997878,2
-2.898584650098157,6.759571698521162,0
-10.466053546472708,6.08540712053027,3
-4.027354185943001,6.532001120399667,0
-6.908756599982869,-7.334879267527359,2
4.865507193943466,2.5206111876400703,1
-5.198253027117727,7.9729626535397475,3
-6.619614694595658,-6.514179796413196,2
-12.744648541576712,7.621945135693445,3
-4.387738369329465,-7.565753978155355,2
-7.993333069698343,-8.860143360107006,2
-8.115227665632931,7.876622636474982,3
-5.955970466494557,-5.074282937522723,2
4.889557148547685,2.7118465799529554,1
-10.472777312649592,6.146380053307148,3
-10.5342507590423,8.257589751349107,3
-6.046220492146097,-6.7457385713930735,2
-7.374602677618947,8.701204581412323,3
-1.6195457361001746,8.549966469227336,0
-9.851889875378427,7.37475154173074,3
-7.861044769626751,5.616994409861478,3
-10.332050848821353,8.300227278234189,3
-3.2607040587318963,-5.703203161428911,2
0.5819242642702305,11.647297391863129,0
-8.417373149900806,9.961453641791403,3
-3.799817670978679,8.437452811853584,0
-0.140378399791663,10.165438221927685,0
4.944263367505051,-0.3004464885551159,1
-9.522508997847293,7.59566284566966,3
3.863946161077543,4.087190844219101,1
6.770635208212884,1.1170502433165175,1
-2.669743162984587,7.461422644569261,0
4.507455763701219,5.84273369042221,1
-1.2753802548979667,7.183020653241789,0
-2.2120704819009678,8.797745510312408,0
-10.387113611927319,7.920413490418916,3
-8.538184193880173,-7.20249113870905,2
-2.4079053160208646,6.877163848878136,0
-7.358208094651197,-8.07414837848118,2
-8.316813031328506,6.592680069328375,3
-0.6400698343063067,5.904200779586097,0
-8.598300417856828,8.07619701975002,3
-6.230050728856013,6.841658766321836,3
4.941527406300553,3.54915127795215,1
2.6000946247582224,3.092550032981563,1
4.975750037325094,4.019380328901498,1
6.5924907703262985,4.3154364790310105,1
-2.5377219349067834,7.510492081241608,0
-4.342389336390668,10.083783773456904,0
-10.243087318820404,6.3218535807953735,3
-7.860740715842406,-9.626058938560632,2
-1.2889217969982456,7.167989653547389,0
-1.28990444479431,9.95872939108374,0
-3.565713158866889,6.901594183652982,0
-4.414686118672923,9.190542286603883,3
-4.1731050264711556,-7.166465280866895,2
5.1361991845497865,3.223463126354119,1
-7.068739944094945,7.61468436192874,3
7.1657703734149045,1.284843289637322,1
-6.4388152791873665,10.247139884761157,0
-8.009877850116725,8.261969315967704,3
-4.9231168268340415,-9.373847575329458,2
-3.2959780224724105,9.748347970040198,0
4.528228692578032,2.904177830266749,1
-3.843162756220991,-8.924870600165162,2
-6.72684274825829,-4.556579366033166,2
-9.584336705535188,-9.256313507784181,2
-9.983256912903883,7.380429668670106,3
-7.131842919028454,-7.588245459821637,2
-5.3873544460013125,8.974515315024496,0
-6.229978260939642,8.791809991671396,3
-2.681007390931677,10.871010596158515,0
6.57450796735222,2.9829417108456697,1
-7.495294610492111,6.376156321750706,3
-10.065970755549012,9.622074502515877,3
2.82533672196644,2.8730627789350387,1
-5.834195584385167,-7.380838827909962,2
-3.486951784755989,9.085384135172943,0
4.3744579949870275,0.7757238171330514,1
4.473039744205051,0.6173082217435475,1
-2.6723378457380367,9.616853711346733,0
-7.124227637066916,-7.99746356048562,2
-8.730272464710394,7.0052094606469755,3
4.009598610584316,1.5504927706499712,1
4.8192493888493315,0.5135662726183987,1
-7.1622295327823196,9.496271760338093,3
-5.815449465442711,-7.533339149130712,2
5.535978941002888,3.0249287974070795,1
-2.0941614240577215,10.255061001752358,0
-9.458736056768476,10.155054401508988,3
-9.140565057557287,7.313740942654516,3
-0.9626983393088238,10.41120630687262,0
3.3913454765717583,2.680293018520338,1
-0.7644519948203108,9.029635719727702,0
-10.212615629857874,6.075789603153036,3
-6.224787484914769,-5.524207331646654,2
4.926527438257956,2.0428245061749553,1
-6.563736673755651,8.226700396087429,3
4.19745431879006,3.8447827929513325,1
-1.9725165825303252,9.855462917750673,0
-5.078899416689066,11.04509468944644,0
-8.403359919618865,-6.78758981850399,2
-6.328149621188205,9.334214493184225,3
-8.670514700749854,-6.665694951130386,2
3.7764220968714404,2.1561844059087742,1
-3.785839812286553,-8.481408964657355,2
-1.8968184894810425,6.460410721841561,0
-1.200716667971733,9.28929913680585,0
-5.219006187220811,-7.060681339206344,2
-6.626645183201179,-6.217198618921833,2
-6.417551381895117,-7.467582444408634,2
-9.290966987704731,-8.024196761125268,2
4.380459746342967,4.540732404154247,1
-10.787699612027406,8.568121542317465,3
-3.50313326147152,9.87018413108806,0
-0.7575245305630391,9.39591739315014,0
-3.5868639549314043,8.694115400630551,0
2.2640246009995164,3.113791668157178,1
-9.592789912463026,7.718753738495293,3
-7.782945281693941,-6.176948209163411,2
-1.6435894322819402,8.709718049133832,0
-3.501877320205332,10.292936130392658,0
-8.442297634635505,9.232053165658854,3
-7.534206026941123,-7.044524299164693,2
-0.7720313128026484,10.201780169142726,0
-7.892394603612843,-7.096887599349223,2
-7.905222771176938,9.316922894801817,3
-8.916934432502215,9.87968118988194,3
-5.817305556266435,-6.530285396380695,2
-10.22111747632398,5.8175868573764555,3
-0.5509794123212566,9.04579189064746,0
-3.76850318652631,-8.259186480655583,2
-3.9149663143780415,-9.226472010842524,2
-3.5587858850416287,9.335255994299654,0
-1.9671042147901292,11.321340977897275,0
-8.003498069835373,5.320300561848866,3
-8.460150819870801,-8.481813975644737,2
-3.054615941373534,8.92886769261672,0
-6.109227031296696,-7.679160852768813,2
-10.351159782750322,4.3795843779898345,3
-1.7366447222397605,9.784965054566635,0
-8.626442046504815,4.127673195787902,3
4.827715590199962,1.3290613722528526,1
4.3197145298327895,4.2092588892156595,1
4.307998400849444,1.557949734107351,1
-11.968868284539113,6.446596319512904,3
-9.035536650143513,8.562593672660963,3
-9.916576338049106,8.441030884814625,3
3.4125805110946406,1.968107997824304,1
-5.053889409913025,-4.598135515392269,2
-7.7031447366555375,8.242226106519107,3
5.525861082266565,3.6362250548150934,1
5.701506739411315,1.1294695200993305,1
-2.3601991649089116,10.141366813256004,0
-10.706903821305588,7.405924081998476,3
4.496935537647674,2.3917019725962407,1
-3.374354618905249,10.147372966936956,0
5.329837050636776,0.9565966293125729,1
-5.753512409391698,5.62719026250983,3
4.096217424123403,0.2936648420015162,1
-7.455625503670132,8.047554746312523,3
-3.2799979990577905,7.425465845364894,0
-1.2556594549550375,7.319725846211894,0
0.9627902269575128,6.2133883393107,0
-3.684077561557106,8.531193853889809,0
-1.4417753059194154,7.327322990441518,0
-4.461296248768134,-5.534850619477648,2
6.064210039390087,-0.2541772687341233,1
4.251315617497046,1.6786449103132646,1
-5.44993962308714,-6.110481463130007,2
3.189414621534282,1.9016026497277623,1
-0.29235655594047616,8.236880800787851,0
-9.287842728646192,7.248215989936086,3
-8.11325708972457,-5.19856359228924,2
-8.02310868863087,7.623238566076774,3
-8.337537806783208,9.470573088245478,3
-8.930974056426203,8.042685192627799,3
-2.617212805423251,10.519585475036358,0
-8.789132263518631,6.185779913448599,3
-8.897288688077458,7.121777738896104,3
-7.267351196703838,9.077907904140364,3
-9.915206092757414,6.977735977728327,3
-8.72439485476188,8.437546543038287,3
2.623203069676686,0.5951917642144346,1
-5.806555217989404,-5.8028310047140454,2
-1.4862681661103043,8.548885993308138,0
-7.526552145437226,6.348875075226303,3
3.352342165956281,3.023634503054219,1
-11.121866535962848,8.992555477983592,3
5.731323151683571,2.051088512651681,1
-10.359171685074816,7.4520536576037415,3
-10.266205446669364,7.439743693276997,3
6.459525386196876,2.185745054400589,1
-4.609452576288073,-5.93389206644378,2
-1.2636938982363817,7.730160389335021,0
-7.578681943953633,-9.27216419417614,2
-7.440040410245433,6.968689984670284,3
-7.410688257562806,-7.740512252621298,2
-5.695041209517461,8.22565359567718,0
-8.216029506093145,8.018455710675862,3
-1.7301778516909918,11.313394497702188,0
-8.527426762537594,7.427539421053079,3
-4.364623689369873,7.033601208571907,0
-6.755967561749515,-9.066436842473342,2
-9.726861690114092,7.508844459432076,3
3.7690936615210173,2.8560372905716465,1
6.214207909207104,1.17031686659988,1
-7.276399453117186,-9.885903139886077,2
4.630772468918261,3.230905845618195,1
2.8012303417245894,-0.22339263637399842,1
-6.746640804709114,-6.584136032167553,2
5.807420450478058,1.146391109447932,1
4.253814030093084,-0.5297064268756522,1
2.884709297139062,-0.7298009724292975,1
-8.47321748337159,-6.237648947464474,2
-9.462619363963892,5.628418906938166,3
-7.2484231805660775,8.249031839863749,3
-7.523493821599263,-5.997279688619867,2
-11.569232707458786,7.728608953085836,3
5.890762068051457,2.661939802783387,1
-11.607609549993152,5.929256625210089,3
5.4446436015837065,0.625467711254176,1
-3.5784662970684966,9.173931469736166,0
-2.141747766389666,8.253871365141627,0
6.497303443378555,2.0050770490448246,1
-7.900065731389457,8.65137013998219,3
-8.011113343776726,7.834406740099448,3
6.257900086375045,1.915406979689671,1
-8.17907591070567,8.491927670766874,3
-6.639842603155169,-8.421622304664883,2
-2.9061828729096844,13.094539878082749,0
-2.8778122191816666,8.605200773576815,0
3.683268859851127,1.1766742514380055,1
3.662751830806429,1.2473409328592497,1
-2.3931451615813226,7.722359826205926,0
-4.065066854542435,8.72877811107291,0
3.607653318461516,5.351823391957195,1
-2.173058900337125,9.033174729371014,0
-7.790085126332208,7.954982332082788,3
4.159357873936621,2.609418603543607,1
-8.827733018693745,6.333041206288533,3
-2.0474949697146614,6.449033539213383,0
-5.064271282085482,8.930964579853393,0
-7.906571929791276,-5.694171194531794,2
-0.771304254541644,7.783262650670756,0
-7.088796604672769,-7.5553934905530635,2
-3.1789700511532817,10.29888431968353,0
5.6872138066484865,2.5633977620733566,1
3.1336676860999995,0.8214733362845394,1
4.384601902440709,1.2933276099498192,1
-6.475936779283609,-7.394898006522062,2
-2.3793129418434003,8.780770275110202,0
-9.235941419254019,-8.570260796640655,2
-9.569132138428401,6.795640938773939,3
6.014370348281823,2.492902397787721,1
-3.0232290141732734,8.457124829204634,0
-9.223445976481084,-7.673688609295389,2
-8.314281756378284,-6.17150017645538,2
-7.143408797799377,-4.387904344683919,2
5.0055799068849,1.1270517378356395,1
6.185304017275865,2.331353422480502,1
-5.768390673021081,-7.6499299429833245,2
-7.524257567841319,9.532528929125176,3
4.116900634616313,1.4492831274630888,1
-5.047894567624979,11.308611607389242,0
-0.010985956358885218,10.535841225725518,0
6.175972624945295,2.8619601077425068,1
5.212782014575431,2.6182321547273366,1
6.738911991107105,3.360120208309885,1
-6.614964858235433,-7.43065135190093,2
-11.394135136876088,5.936823933304371,3
-0.2556620449087079,9.125428298827984,0
8.430277475038533,1.176866524560251,1
-3.2932821538313095,10.587799966953655,0
-4.838639297393294,-8.843340191954615,2
3.001409689219233,1.498557009398529,1
-7.134897535861594,5.664082646881251,3
-3.871233736334567,6.895830576195385,0
1.1594303463724893,9.208117901161163,0
-10.864939305948042,5.339835980383348,3
-2.0695889131047283,7.94275900115877,0
-3.6540863578665252,6.306962977201543,0
-8.575510628273243,11.801411419403818,3
-8.247631809311633,4.432014046480289,3
-8.280169547725716,7.907261709000596,3
-7.222527064161298,-8.371633655188715,2
-3.6979787307018013,8.842181465997973,0
-8.036101752117144,9.166993669232296,3
3.5868913045179682,0.9788183076143098,1
-9.118671993878987,4.877813049925993,3
-9.136707752197774,-5.740025647741543,2
-8.814900255711606,8.676938676178674,3
4.713168941716658,2.0340572207465555,1
-7.160343588658093,-5.401514599756152,2
-2.0650172074558863,9.405869036468156,0
-7.663241992712117,6.946214586431959,3
5.448012824897655,0.5921592943216827,1
5.121914659403511,2.606050815293659,1
-8.731150498971154,-7.768805982005288,2
6.268722184975468,2.685217033260661,1
-4.419680397094181,-5.766918356668109,2
-8.270656892437131,-6.522556119173769,2
-9.66266346049888,8.612904745968406,3
-7.79810938876502,6.7355039556200085,3
-4.981065429854219,-8.179371865597698,2
-2.912530658884996,7.354497265085816,0
-9.291118731828359,-6.60299872493236,2
-4.53147575621132,10.129182269232395,0
-0.9997584092310894,8.148948323913599,0
-1.5513089348866893,6.522006034794882,0
-9.464377977043636,6.880888044141844,3
-6.060200819145721,-6.87047618855954,2
-7.797280827509198,-6.935664788848564,2
-7.980241594064794,7.230236389999737,3
5.870602108024148,2.7340807306016783,1
-3.3696906333731045,8.193997716337734,0
-3.3049493444685414,8.150558767231301,0
-5.454165803190906,-4.3141895344030585,2
6.112527066715493,1.4859226086777984,1
-4.46590187381003,10.018794951443379,0
-5.432349741505083,-4.456735357953599,2
-3.4464254895962685,9.053422703514572,0
2.3513943643729593,3.8670458390815052,1
-8.580568746945714,8.153399745475879,3
-7.590386211757644,-6.901787999593365,2
-9.25141324419947,-5.537552122161774,2
5.192888799537453,1.383161465449691,1
-2.002793629939947,8.39647067901462,0
3.8115442698066446,2.9225674105739983,1
-7.230656979811743,-6.180572031606445,2
-6.43149782860274,-8.007796168418723,2
3.7015347839638073,2.5668749840968457,1
7.00923705482417,1.1888796432108295,1
-3.3038379287033086,9.784187277868355,0
3.719774840916692,1.5194651542085396,1
-7.215677665126767,5.355194125351594,3
-8.2382256424452,-7.860759101249176,2
3.9057196724507683,3.53941099954434,1
-5.791983510879274,-6.105842162603509,2
-0.7402518469570105,9.115563850313485,0
-5.77436134551262,-7.302100928953267,2
4.590188376917406,4.665006479217413,1
5.559039693821956,0.3930463391802479,1
-6.747016861713499,-4.663814471693054,2
-5.857736089086849,6.527066568780756,3
-8.755238792105846,-5.973336603742896,2
-4.726980608603891,7.934519815606259,0
-2.4044944955677217,8.436315732905681,0
-10.19996202685639,9.602448800961357,3
-1.2047887428942599,11.047742916405749,0
3.582361052590488,1.8895160674541729,1
-6.9679901833339315,7.230516901449656,3
-3.956582813922907,10.043363318195981,0
-4.461209804168302,-4.907737912899876,2
-2.412777594409556,7.397668961304362,0
-2.1228720369686034,8.902617254549071,0
-6.38951004424779,-6.429398053859704,2
-8.939095191710043,6.249882931832575,3
-9.612972222467368,7.028823040356557,3
-9.939588454803754,7.446516250119044,3
-8.038943692886683,-6.269531162589144,2
-2.521156585027676,11.234202336533361,0
-3.2406069591614903,8.36544884646889,0
-0.9215608927783685,6.37617689856365,0
4.092449741913773,0.7143551829322226,1
-3.768780386323914,8.115197160032288,0
-0.060580667155297085,6.869074061257372,0
-6.038248019239412,-7.323330070319687,2
-4.1687000840617925,7.219976192077315,0
-7.739589602466307,7.756608409736238,3
-7.078577810725131,-8.34190355028191,2
4.725398523573729,2.3760581022356173,1
-10.382385018909117,5.294517486733401,3
-1.3226497024881798,7.650204946006213,0
-3.856819630075287,9.75216488545808,0
-9.022391157029597,7.46358147691368,3
5.797426902200618,-2.299644247004381,1
-7.038209321995718,6.585669244239395,3
6.424084569615062,0.1317579612352433,1
-8.77305575367081,8.160732187276462,3
-6.91923582658966,-6.459867855046537,2
1.8855707765731564,2.7351566743095477,1
-12.791949365161326,7.328586175394444,3
7.144735592755211,2.5651769786752037,1
5.4241320682813505,1.1126196780328634,1
-5.38216084392933,-7.527540062353019,2
-2.4883036851833307,8.978098497533317,0
-3.198238972363116,7.739519574001134,0
-8.31385268568647,4.976318758455621,3
-7.722879231018723,-7.193942403892739,2
-7.011389028177673,6.553728368728609,3
-3.647896615383297,9.239876807912633,0
-3.8434692674910353,7.790570700750164,0
5.153966855794658,2.658299512671408,1
-9.51334704362973,9.209246740792562,3
-5.679714338238195,-9.304575505930828,2
-2.3635812990306895,10.467253613997656,0
-6.108765416662898,-6.610736920366549,2
-7.534706795212164,-6.97930851521468,2
-6.920899548727225,-4.22173219827133,2
7.156430057342762,1.14278732137874,1
-7.682619470082154,-7.015909516732187,2
-3.4264743275406726,6.904294482925988,0
-1.47980733749098,6.595212321413844,0
4.3619473479115385,1.7784386343405927,1
-11.964497165883893,9.910567890140365,3
-10.109778649564637,6.345389582609112,3
4.598922026963203,0.5732677453309378,1
-4.444138972664331,7.071667970102897,0
-5.635414928253647,-7.170848801435152,2
-7.027509389577663,-6.851835158858675,2
4.580546105443119,2.995420729999669,1
-8.691226447327594,9.267330588293225,3
3.23087574549997,1.7570383503583087,1
-7.534593660052101,8.654459171398816,3
6.418435068222597,3.051599649938332,1
-4.400523554555318,10.391079048780485,0
4.505275294797261,4.133345507114941,1
-8.458579899579039,8.554038934417388,3
-8.151668457408181,9.835261565520009,3
-1.7907278844331624,9.514779286128745,0
-7.151797716830256,6.822407069028793,3
-2.395490785762161,7.998543560930154,0
-8.094032471033739,-6.244018026579812,2
4.326343950299064,0.6973890026267817,1
5.662716070667568,4.743230672544782,1
-6.353682042240932,-6.146328898054452,2
-8.393464438924868,8.01830010840008,3
-0.1824696597689659,9.18779807963761,0
-5.873906265289451,-8.48789544283618,2
-2.378627020695493,8.56577510249952,0
-6.485652335642268,10.651546406082014,0
-2.7462094709212344,8.373964523277191,0
5.452072928535284,3.111902424394702,1
-8.380124178059631,-7.896727049063224,2
4.990557703914223,-0.36067378536470907,1
-6.929472177117962,-7.192284879184756,2
-0.7073767398068329,8.402173068665995,0
-5.4168307464776255,-6.128468338366178,2
-7.5660664376360085,5.474737943345939,3
3.803641158716351,-0.08153478542788495,1
5.38092411565221,2.3641803326765927,1
5.45527906811975,1.417248185811573,1
-7.349214236936001,-6.881172485140915,2
4.414795455679311,2.1615343641480456,1
-7.848968155916975,-4.2171432543616785,2
-8.100299484646811,6.534470651497332,3
0.8907702639177417,5.409583542826844,1
-1.6289119823523448,12.29996956691329,0
-6.221913582936679,-6.850684606734962,2
-6.5787733953048555,-5.157153569132873,2
7.243824540975975,2.270035859134704,1
6.854689360816945,4.0433067151619095,1
-8.98152412726962,4.659153415299025,3
4.9097200629583195,4.061173113457631,1
-7.841857554717734,-6.148301165969336,2
-8.84672178487958,8.326635398887472,3
-1.5730178974745175,9.95680439209474,0
-4.175061391251493,11.642691793333755,0
-10.491765981390646,8.345562181163125,3
-7.810066148450704,10.09643616544332,3
2.71942223822176,3.2818556763609488,1
0.7205760632145841,7.8632647838662475,0
5.073631802089828,5.656119893807073,1
-1.5276491385216635,8.93090912183264,0
5.944980432261232,2.716692515899639,1
-8.138321283686889,9.605032256237774,3
-6.690057821831652,-3.9717160946885195,2
-5.51015740646381,7.084955099898626,3
-8.780970764195969,5.150635793548387,3
6.239890870611832,3.727113069609241,1
-6.9116781326739245,-8.000927111997681,2
-5.907091606010581,6.564902859105798,3
-9.825079587414216,8.605310756098627,3
-11.700039093452098,6.03294539932945,3
-7.193623905919685,6.385006984254384,3
-8.313627719784149,5.817441020235687,3
-2.3626834752295025,7.854771452415122,0
-3.6232131149045497,-7.143938311924452,2
-10.424025844464028,-8.394705650340853,2
-9.920934086641891,7.5887542237078005,3
-7.982408260806714,8.775799906297994,3
-10.904754007767366,6.476361909242289,3
4.95245304814943,-1.089432618695704,1
-6.843298006142133,-4.7617787601528025,2
3.9716250541269438,4.1532463996172835,1
2.697856622646743,3.714409865008511,1
-9.594597503147517,7.2012389058462345,3
7.724189531138585,0.3183571353582073,1
-7.621232924898623,5.601127982369776,3
5.597974169271878,0.2586623148450067,1
-6.554527587465108,8.932843828421603,0
-7.841849583985699,-6.232225776265036,2
3.3868582563384653,5.190893375600814,1
-7.076512641789727,-6.764831768837794,2
-2.3451054311454107,10.102936064046359,0
-2.1462542157036992,6.144365761211625,0
-2.8696857202899526,8.452054916873925,0
-8.075924797124125,13.212879475153194,3
-7.196322549392812,-8.360878884002723,2
-7.371098633156359,7.477704666196887,0
-9.679437118192194,-5.368839058520564,2
-11.506209132645786,7.803000654377169,3
-6.446586747231485,-6.4896268351191155,2
-0.2245115071482644,9.82265119372531,0
-9.103489001309683,5.000595467203083,3
-2.195902230545617,6.074780942378658,0
-3.3932447584690673,10.288689273729858,0
-1.2744417471098783,9.124263078980928,0
-4.489547433583713,11.761474276979852,0
-2.8880498501424907,7.142611355251047,0
-7.795021120287344,8.59717608161342,3
-10.817198548534162,7.019051959405218,3
-8.476344854260839,5.597001790069442,3
-8.71051358218516,2.8368189591476183,3
-7.99141886779561,5.79402640746053,3
-10.07509899892752,6.410638330639152,3
-9.269499035736544,7.754516272103217,3
-9.072175023541012,6.501091970762801,3
5.603962976029417,3.9668984791393793,1
4.634475027592249,0.23562265015191786,1
-9.556583940648617,6.029359269434022,3
6.173734484242562,5.632798293449641,1
-3.9814605996246764,9.707441339593228,0
-10.723088098054895,8.54333069562067,3
4.3774392011849885,0.839551944701465,1
6.017353745231571,-0.3825812214940334,1
-7.819703028036217,-5.586519384701808,2
-2.074535337708131,12.12738732616648,0
4.840190193401525,1.7444649293699162,1
-8.595216502132264,-6.717270034611162,2
-9.635149198547408,8.049337892280763,3
4.906430337627982,-0.02984685412442012,1
-5.431530964264514,-5.025913510566619,2
-3.7526901394358587,8.174014567902868,0
5.515771114217047,1.4342315477601426,1
-4.907138120091048,5.6555723768374575,3
-9.534934150100092,8.016614255376547,3
5.532010348726031,3.2532930221111935,1
-4.178860418884989,-5.0216900638667905,2
-8.447664361635676,6.515260131209596,3
-8.516076836474067,-7.496331025207824,2
4.687885059826751,0.8430428784214568,1
4.755111672818485,0.04868134765787757,1
-1.9593002539074778,7.604466448707289,0
-4.9341353713096066,-6.91441168672427,2
4.602338398110385,3.1998191327411627,1
-2.5629366817176775,11.36125161191933,0
2.3515910798409934,0.9353075791188654,1
-3.0973598527509867,6.819013706000144,0
-6.8182484280576885,-8.383390776948156,2
-7.040580407157614,-6.2085342045605305,2
-2.913112170625718,-9.134565085868676,2
-12.632667873177464,6.878611726894006,3
-7.565681433328083,3.953188914521795,3
-3.9877866925560657,9.770355901475089,0
-7.072433458309666,-9.702883161522404,2
-10.49562194622979,7.654335056019503,3
-8.378580539593637,-7.6372719751182725,2
-6.274032055646356,-6.916403002862321,2
-8.072139623844619,8.869393793934789,3
-1.2650892512775165,5.697583164686494,0
-6.565138068239332,-7.617563871724018,2
-2.012302475947404,10.47760381888186,0
-1.0465180229261235,8.793700055945113,0
-4.102653193641908,9.724674774151094,0
-5.320959510020867,-6.993756023079136,2
4.071187224746871,1.6677991437871893,1
3.801496065320719,2.5389874965375134,1
0.43789007632183363,9.067181456155915,0
-0.7400374419708196,8.310522650041264,0
-6.848436629638158,-7.972114005119648,2
-7.260406330051632,5.826431974527084,3
-10.522144966002632,5.947268683977308,3
-6.595067939735676,-7.87308285997086,2
-5.947269356367194,-7.434525097341398,2
3.988134495079628,1.509411498737773,1
-4.790929241054776,-7.255179365174376,2
-7.550651081651012,6.971592060562583,3
-8.143518318487326,5.2728162058083345,3
4.893920072282218,-0.1474020614167384,1
-5.950895799643473,-3.7938663887083983,2
-5.554962525430532,-6.9968653887951495,2
5.239410763857064,0.9961343432529884,1
-2.8443918010415263,10.085286869336459,0
4.380937886316872,3.2986595901707405,1
-7.17563482161226,-7.107019518756214,2
-6.992015986903908,9.851044333561468,3
5.2999005113081,1.2200883474118154,1
-2.103512384382992,8.938928964024615,0
-3.8442178623068113,-6.86990982643595,2
-4.501476696400395,9.309577982002008,0
-2.736875265606125,9.896761937925186,0
-3.4101556579309578,8.576745503508405,0
-6.4008654255224995,-4.86943392424123,2
-9.720049191581948,-6.560169032216539,2
-9.415860474205306,7.898006392610096,3
6.632170049001688,2.8075146980417216,1
-10.261702537873266,9.944567712372042,3
3.166147745920637,1.6362199589451951,1
-2.4815700542684227,11.528942096611246,0
-8.389441039070732,-5.170291751582378,2
2.9848289269672907,-1.2561662054879923,1
-8.068257072651212,-7.342051887734507,2
-9.794289377179203,8.01110297082593,3
-1.3737146980847224,7.631038141931883,0
-2.08924468357302,7.326052557250756,0
-4.9188671034391085,9.319481581999156,0
5.068676922315459,2.4748548689212697,1
6.894976288878827,3.289213119804239,1
-4.280854691923633,-3.533159373986998,2
-2.1196138704705274,7.657811190541709,0
3.0422083416150425,1.5153326274087306,1
-5.9821228722765,9.762461288541799,3
-5.668943296195304,-8.34042889283265,2
4.8320354585942855,0.9515921977284107,1
-3.47905694941654,7.391964122776729,0
-6.439290292901326,-8.914982300211054,2
-7.665759788053159,-6.651577285225364,2
-2.4188523081412105,12.70914929692625,0
-6.9619681920757,-6.451778480989462,2
-4.069680526824952,-5.260037494703974,2
-3.2216155897941845,8.034292279337754,0
-5.572681244965404,-8.899079113646069,2
-5.013305544734807,9.829326416768223,0
-7.119826384501231,-5.873099478600248,2
6.61596993467959,2.2695690909793313,1
-8.906596124587873,6.687168415401638,3
6.846634327468514,1.6591841682129327,1
-9.74711898777435,9.902589774809648,3
-8.451698946421885,5.460882052276267,3
-0.8846207582898347,10.594989206250677,0
-4.632253736128371,8.383318144050284,0
-5.546911503039161,9.293967600352463,0
-6.124368232036345,6.996454072410143,3
5.7020418512609865,3.408223159132608,1
-3.9332959563006646,12.962859225454409,0
3.6296428998622985,2.391660927276435,1
-6.917988659439262,-9.533723450609624,2
5.63420073922922,3.7333804701687194,1
-8.184121813063312,-5.191957416653793,2
3.1374488213857283,1.5515192446117996,1
-5.270508970050218,7.09492067809477,0
-7.306252813491913,10.45618707480359,3
-8.208186020958248,8.233798805322209,3
-8.67008243878599,-5.501378332860945,2
-5.566384425819531,7.502156661822216,0
-1.2904088894614532,11.048646171054557,0
-10.181347240180546,6.711371656758372,3
-7.813601233752948,-6.588198410420082,2
-9.280983158866043,-8.122855130446316,2
-9.276813718976891,-6.186850594153032,2
-9.658347883516909,6.916040250009623,3
-4.7882525719837705,8.287935018898944,0
-3.730044507401497,-7.250648144394941,2
5.93058906876772,1.0985535260873243,1
-7.57655313709886,-6.578370109466688,2
-9.183027202498801,6.046413264108233,3
-3.397788509411054,7.718299973678597,0
-3.6047475706284553,9.338974012571283,0
-3.3045840506114113,7.824976879804805,0
-8.902562828603372,7.410557017711296,3
4.823325090776527,2.788116727495314,1
0.28946414366438455,9.725035509566002,0
-8.335740713009834,7.7977568512728705,3
-9.457824489851161,5.9334754522277375,3
-6.668297820784464,-9.532768641620224,2
-9.539175893461593,-4.987227342204959,2
-10.515987581560683,-5.554041498734372,2
-7.219353339426018,-8.319268448361166,2
-2.5405500139989723,9.190277203161495,0
-9.493474112493336,4.913657264390684,3
-6.288391694771439,8.930837643851032,3
5.013954361794235,4.339349603585943,1
5.7698912678849,2.544907261264899,1
6.965629575449217,0.47563862283254554,1
-6.097943548582263,-5.912286214350861,2
-5.500783789288465,-7.882325721584437,2
-11.706710219765675,7.2205718463705,3
-8.48874172976098,-6.521239297109222,2
-4.453808328698335,-6.723575686991127,2
-7.550610034639397,-4.958585050673277,2
-7.818003598460336,9.112284184215666,3
-4.456563656947107,-7.363590297092957,2
6.449642285990636,0.7477661774598778,1
5.379855687549435,2.250423869483043,1
1.6492753723709184,2.5342545387120903,1
-6.481583667051828,-7.7542475796933195,2
-9.184627317403164,9.503413910480255,3
-9.708407618691075,7.682629666301769,3
3.970228414402309,2.2643046732881933,1
2.858481207683832,2.4379007492812734,1
-12.068342136442876,8.969251983129247,3
-2.001453011811129,8.39135425734712,0
-9.744298695589855,6.979199932458182,3
-7.702714552762712,-6.740842241564274,2
-7.490181660541441,-5.850631907840896,2
-5.603280247899312,-7.086167275875042,2
3.6659625186290907,0.1372592837973472,1
4.269112762447206,0.9501933119440342,1
-4.844141383338606,9.92330105521678,0
4.1782114837986,2.3018951754366404,1
6.936005084743647,3.801312461486707,1
-2.0428362746557434,11.22732045362265,0
-7.465242343295768,6.499212503605401,3
7.03163643106556,0.7027276614632403,1
3.7051680465909547,1.13995400520035,1
6.434826066196578,1.0584953274616586,1
-8.396991563115769,6.97191121502422,3
-6.6948199809745415,-6.052881529215245,2
4.724853723573762,2.767708815475828,1
-8.015002003659964,6.941089225168156,3
-7.15397185280853,-4.81779496455367,2
-10.083138512119312,-2.1734867927859565,2
-8.695311457474048,6.928350591375329,3
-9.414284664564537,7.698823224876245,3
-5.890758688502663,-5.473754386836109,2
-1.6528618570129998,10.71763458846922,0
-2.229047476337133,7.881211729668338,0
-7.085799963092808,-5.450797772471539,2
5.778271720908249,2.3949568198947957,1
-5.228187738653413,-3.9425884119450556,2
-4.110628267126642,8.800716900666382,0
-3.7365286479029587,12.152867041726513,0
-4.681324135298736,6.903090466633489,0
-8.12101252212435,-6.750893768706384,2
-2.210608079692545,8.11396081246013,0
-5.04807664786324,-6.006963038073023,2
-8.377205349933707,-6.427421743546748,2
-6.733272801448225,8.370377824307244,3
-6.21395190032788,9.395704033534432,3
2.109123589630106,10.693648495350187,0
-7.781567946898925,8.507107946561982,3
-6.109968493887146,-7.269429609651822,2
-7.003703155993023,6.935241314943956,3
-9.641330387160345,7.861203342813133,3
-8.873655982947367,7.061991528644449,3
2.846054243175325,2.6400736862709433,1
0.7755067767737582,7.801838700165595,0
-6.7097215753446235,-9.037526560751996,2
3.807079546188304,4.794905288101617,1
-7.248720923346193,-8.144979486250234,2
6.047304545192098,1.1991025916146711,1
-8.036569283915185,8.655006054309457,3
-6.626935726746849,-4.903713289864007,2
-7.502753011356331,8.186330439658553,3
-10.283966145951927,5.8877965431561385,3
-7.603742474424319,-8.310102505664016,2
-2.5656496766900228,10.669238951223104,0
-7.150214713794882,-4.820836881261151,2
-6.848297458707328,-6.5340582346979215,2
-2.2154297404062278,7.546726961775773,0
-8.620996006990673,7.3593774804261365,3
-1.973674394105179,7.9749217353073405,0
4.587396100482659,4.629370637393997,1
-8.13442637192322,5.020164730688045,3
-3.5622772638687787,8.52279290830167,0
5.627695245237347,4.988476492090257,1
0.13898373736889535,9.621758694639755,0
-9.748625523421774,8.010052794579032,3
-7.321133203523476,9.335736788795025,3
2.9557958038846532,2.546784303216808,1
-8.033340715832217,-8.289964244939243,2
-5.835046019966197,-5.447151780420181,2
7.1029015764326555,3.487895317954683,1
-2.6826700466351108,8.562630584814388,0
-9.660730949023627,8.573523783169165,3
-7.52358052792716,-7.91874106308673,2
8.245002214085513,1.886741488390354,1
5.588490444811383,3.432001358380827,1
-7.6042187686764295,-6.659920075297623,2
-3.4117575413968453,11.792703404961728,0
4.6015477297409335,3.7322632128297792,1
-11.217302724992948,4.503636337790136,3
-6.179982217500981,-6.933571816722172,2
-7.411153841048881,6.773762384946625,3
-1.159797809902874,9.475235409513235,0
-7.954860672055478,-9.679914518885536,2
2.9954662058852985,-0.18690663995070977,1
3.072665045196551,-0.9763652001232708,1
5.479564508124661,3.594340772272665,1
-5.19345811117225,-5.45881990009166,2
-6.293929916257936,-7.034942222674691,2
-3.768023907886708,8.5504675644215,0
-9.419023731320282,7.2554060886003455,3
4.763304820141237,3.571390246538759,1
4.380271099802297,1.9965382553129334,1
-7.171989611680291,-5.17945444797535,2
-4.0284443035543855,9.485657127091232,0
-7.359398476033536,-6.652472604902836,2
3.775113235138022,-1.9133937542766328,1
-6.2910032403831195,-7.643555031837195,2
-9.163853332272566,6.860798732814974,3
4.587851505147929,2.324491782745513,1
-1.714491356179826,11.176639059185172,0
4.655407765993172,0.005415335415492661,1
-7.877608063834774,7.037768256501986,3
-1.7262852746274038,9.4597631380481,0
-8.12787964141883,5.933951220526396,3
-2.1251530215819368,10.488322604116593,0
-2.527567782323122,7.6684045709695745,0
-8.196601071286112,-8.120430124335737,2
6.961136638223194,4.666986193584014,1
3.155436631372595,3.384326465923056,1
7.336408626502385,2.9344339758412468,1
-5.9275449883086155,-5.215559830341611,2
-3.7474434182415175,8.53220736571883,0
3.725610532989177,1.692712729462563,1
2.535970928528561,4.597534798721141,1
6.363027386786257,-0.6364009842264173,1
4.155859077964898,1.596920159258161,1
-0.310724469670419,8.675621677468518,0
-7.813334267419406,7.00955218612966,3
4.705596044196766,1.752666681497999,1
4.6169140624686085,2.8421069333423645,1
-1.993770188700058,6.369725895154221,0
-7.2288606849869925,10.869331657427743,3
-10.426689137220912,9.546018019192601,3
6.187645645431054,-0.2551708756147262,1
-11.114088301643529,8.449391666781352,3
7.659959707518036,2.1779726805648383,1
-8.500365873574598,6.769232522248665,3
-4.052747732249356,-4.565244300867663,2
