date,value,trend,seasonal
2020-01-01,107.40742123442584,100.0,0.0
2020-01-02,100.43780316523328,100.10010010010011,0.17201575418260506
2020-01-03,100.54063758717136,100.2002002002002,0.3439806061360801
2020-01-04,104.16894392495774,100.30030030030031,0.5158436686940836
2020-01-05,107.18410517317199,100.4004004004004,0.6875540848113941
2020-01-06,94.61328524409112,100.50050050050051,0.8590610426133272
2020-01-07,96.0408558508544,100.6006006006006,1.0303137904317878
2020-01-08,100.33565516380402,100.70070070070071,1.201261651823505
2020-01-09,117.96736376431012,100.8008008008008,1.3718540405660056
2020-01-10,101.13559856382314,100.90090090090091,1.542040475626894
2020-01-11,102.10385688205015,101.001001001001,1.7117705961019984
2020-01-12,106.07385492625868,101.10110110110111,1.8809941761179758
2020-01-13,108.13550685496352,101.2012012012012,2.0496611396949533
2020-01-14,104.36794845913991,101.30130130130131,2.2177215755648185
2020-01-15,109.60826462854345,101.4014014014014,2.3851257519407647
2020-01-16,98.08346971760564,101.50150150150151,2.551824131233728
2020-01-17,100.48892686259933,101.6016016016016,2.7177673847113573
2020-01-18,110.39704286169508,101.70170170170171,2.8829064070951773
2020-01-19,104.90370970681082,101.8018018018018,3.047192331091634
2020-01-20,98.80022541871129,101.90190190190191,3.21057654185271
2020-01-21,98.7623230352778,102.002002002002,3.373010691361842
2020-01-22,101.58184478811945,102.10210210210211,3.534446712740877
2020-01-23,105.90766674746561,102.2022022022022,3.694836834473831
2020-01-24,108.4933337454795,102.30230230230231,3.8541335945432564
2020-01-25,104.76939225715672,102.4024024024024,4.012289854475009
2020-01-26,108.59675726198739,102.50250250250251,4.169258813287287
2020-01-27,104.74226419047432,102.6026026026026,4.324994021339788
2020-01-28,113.30175310486621,102.70270270270271,4.4794493940789115
2020-01-29,120.1945825013395,102.8028028028028,4.632579225674917
2020-01-30,105.72417744502779,102.90290290290291,4.784338202547012
2020-01-31,110.3373484737701,103.003003003003,4.934681416772373
2020-02-01,110.1787216032288,103.10310310310311,5.0835643793751215
2020-02-02,109.12762336799416,103.2032032032032,5.230943033491327
2020-02-03,111.9463317974159,103.30330330330331,5.376773767406141
2020-02-04,111.31852277576175,103.4034034034034,5.521013427459208
2020-02-05,106.81185498239357,103.50350350350351,5.663619330814525
2020-02-06,115.99088174480802,103.6036036036036,5.80454927809098
2020-02-07,110.65579650698741,103.70370370370371,5.943761565849831
2020-02-08,107.9610167035874,103.8038038038038,6.081214998935418
2020-02-09,122.3367854258064,103.90390390390391,6.216868902665479
2020-02-10,109.77362025309344,104.004004004004,6.350683134867437
2020-02-11,111.86144140897999,104.10410410410411,6.482618097757122
2020-02-12,111.69404067676227,104.2042042042042,6.612634749656387
2020-02-13,110.39552586609443,104.30430430430431,6.740694616546161
2020-02-14,113.51448773307604,104.4044044044044,6.866759803451553
2020-02-15,107.27029796470194,104.50450450450451,6.990793005655562
2020-02-16,114.70007905695805,104.6046046046046,7.112757519738152
2020-02-17,103.14555181717995,104.70470470470471,7.232617254437388
2020-02-18,105.66479278984858,104.8048048048048,7.350336741329412
2020-02-19,121.49940878607163,104.90490490490491,7.46588114532413
2020-02-20,106.30332114636954,105.005005005005,7.579216274973471
2020-02-21,102.99561943750999,105.10510510510511,7.690308592589181
2020-02-22,106.84724958404144,105.2052052052052,7.799125224167177
2020-02-23,121.91122562040447,105.30530530530531,7.905633969115482
2020-02-24,104.45590001382473,105.4054054054054,8.009803309782905
2020-02-25,108.83803701333338,105.50550550550551,8.111602420785621
2020-02-26,106.52564436214956,105.6056056056056,8.211001178128893
2020-02-27,112.64302988837692,105.70570570570571,8.307970168121248
2020-02-28,112.02818201098059,105.8058058058058,8.40248069607847
2020-02-29,111.99662816708555,105.90590590590591,8.494504794814805
2020-03-01,123.8706902359506,106.006006006006,8.584015232918917
2020-03-02,108.78171504073045,106.10610610610611,8.670985522812082
2020-03-03,114.45065723620695,106.2062062062062,8.755389928586302
2020-03-04,116.83651601152997,106.30630630630631,8.837203473619976
2020-03-05,110.42176204401457,106.4064064064064,8.916401947968874
2020-03-06,117.93241832826978,106.50650650650651,8.992961915530254
2020-03-07,113.67441485481805,106.6066066066066,9.066860720977985
2020-03-08,117.7163285341226,106.70670670670671,9.138076496466615
2020-03-09,115.47339871728097,106.8068068068068,9.206588168102428
2020-03-10,105.92662624125492,106.90690690690691,9.272375462179538
2020-03-11,122.87291948201494,107.007007007007,9.335418911179211
2020-03-12,126.85509854340809,107.10710710710711,9.395699859530621
2020-03-13,115.77663676666445,107.2072072072072,9.45320046913132
2020-03-14,112.32545077260012,107.30730730730731,9.507903724625832
2020-03-15,124.49726445172661,107.4074074074074,9.559793438440765
2020-03-16,126.56827627741986,107.50750750750751,9.608854255574977
2020-03-17,116.41870220780098,107.6076076076076,9.655071658143363
2020-03-18,116.31273660127808,107.70770770770771,9.69843196967294
2020-03-19,117.14717467860024,107.8078078078078,9.738922359149925
2020-03-20,109.31169430649804,107.90790790790791,9.77653084481664
2020-03-21,116.36362491225898,108.008008008008,9.811246297717119
2020-03-22,126.52587599084467,108.10810810810811,9.84305844499033
2020-03-23,117.23672277726548,108.2082082082082,9.871957872910086
2020-03-24,113.006071698618,108.30830830830831,9.897936029670717
2020-03-25,120.8128217328485,108.4084084084084,9.92098522791769
2020-03-26,115.11361316306036,108.50850850850851,9.941098647022418
2020-03-27,118.23461832536957,108.6086086086086,9.958270335100595
2020-03-28,112.33696001674576,108.70870870870871,9.97249521077345
2020-03-29,113.60945706754657,108.8088088088088,9.983769064671419
2020-03-30,122.58929374390662,108.90890890890891,9.992088560679752
2020-03-31,119.58579414294017,109.009009009009,9.997451236925734
2020-04-01,115.22867768140222,109.10910910910911,9.999855506507187
2020-04-02,119.80618551869577,109.2092092092092,9.999300657962056
2020-04-03,116.26936262115197,109.30930930930931,9.995786855478958
2020-04-04,115.47992370140715,109.4094094094094,9.989315138848577
2020-04-05,125.30956891890703,109.50950950950951,9.979887423155985
2020-04-06,123.4915038737674,109.6096096096096,9.967506498213929
2020-04-07,119.55552148929154,109.70970970970971,9.952176027737295
2020-04-08,120.46539704431726,109.8098098098098,9.933900548258936
2020-04-09,119.78060529102545,109.90990990990991,9.912685467787256
2020-04-10,122.33359337008358,110.01001001001,9.888537064205885
2020-04-11,115.9740643012476,110.11011011011011,9.86146248341595
2020-04-12,124.35420361427492,110.2102102102102,9.831469737221498
2020-04-13,121.87670720072305,110.31031031031031,9.798567700958664
2020-04-14,118.85789483183197,110.4104104104104,9.762766110869322
2020-04-15,117.79569591418776,110.51051051051051,9.724075561219967
2020-04-16,124.49877282061136,110.6106106106106,9.682507501166718
2020-04-17,119.5963533613275,110.71071071071071,9.638074231367307
2020-04-18,116.90713423200275,110.8108108108108,9.590788900341131
2020-04-19,118.52872757661768,110.91091091091091,9.540665500578386
2020-04-20,124.34475311985628,111.011011011011,9.487718864399472
2020-04-21,112.49030976444678,111.11111111111111,9.431964659565866
2020-04-22,118.80758606795261,111.21121121121121,9.373419384643771
2020-04-23,125.97632502381208,111.31131131131131,9.312100364121946
2020-04-24,119.8183532941802,111.41141141141141,9.248025743285089
2020-04-25,122.05680965574508,111.51151151151151,9.181214482844366
2020-04-26,126.15714278762421,111.61161161161161,9.11168635332663
2020-04-27,125.21282190792157,111.71171171171171,9.03946192922401
2020-04-28,118.57608052951777,111.81181181181181,8.964562582905575
2020-04-29,120.14695462918566,111.91191191191191,8.887010478292915
2020-04-30,125.34266008495854,112.01201201201201,8.806828564301476
2020-05-01,125.53350011658122,112.11211211211211,8.724040568049613
2020-05-02,120.41063257347484,112.21221221221221,8.638670987837349
2020-05-03,120.59532913674711,112.31231231231232,8.550745085896933
2020-05-04,122.21111976599902,112.41241241241241,8.46028888091734
2020-05-05,127.7143451029439,112.51251251251252,8.367329140344921
2020-05-06,126.2223365883649,112.61261261261261,8.271893372462497
2020-05-07,124.353656049957,112.71271271271272,8.17400981824919
2020-05-08,115.49317387551685,112.81281281281281,8.073707443023492
2020-05-09,119.50976180804358,112.91291291291292,7.971015927871942
2020-05-10,119.76754530542952,113.01301301301301,7.865965660866021
2020-05-11,127.96412600420031,113.11311311311312,7.758587728069828
2020-05-12,119.66780516165625,113.21321321321321,7.648913904341226
2020-05-13,127.11750407263052,113.31331331331332,7.5369766439291395
2020-05-14,117.9827291316278,113.41341341341341,7.42280907086982
2020-05-15,118.36553869439464,113.51351351351352,7.306444969184916
2020-05-16,123.20880291556354,113.61361361361361,7.187918772884232
2020-05-17,128.62171279734866,113.71371371371372,7.0672655557761574
2020-05-18,119.69944918856318,113.81381381381381,6.944521021088763
2020-05-19,107.91979609551255,113.91391391391392,6.819721490904628
2020-05-20,112.88600089773215,114.01401401401401,6.6929038954125675
2020-05-21,122.16802765691577,114.11411411411412,6.564105761979381
2020-05-22,113.27359928435028,114.21421421421421,6.433365204044917
2020-05-23,116.28722109217594,114.31431431431432,6.300720909843687
2020-05-24,120.64233629856207,114.41441441441441,6.166212130956382
2020-05-25,108.29755695647692,114.51451451451452,6.029878670694714
2020-05-26,118.6077465403103,114.61461461461461,5.891760872322963
2020-05-27,114.64257153253315,114.71471471471472,5.751899607119775
2020-05-28,112.92925248759474,114.81481481481481,5.610336262283678
2020-05-29,116.37110544751054,114.91491491491492,5.4671127286859384
2020-05-30,114.99124177814225,115.01501501501502,5.322271388474396
2020-05-31,122.63837130760851,115.11511511511512,5.175855102531889
2020-06-01,126.22575634642267,115.21521521521521,5.027907197793043
2020-06-02,118.37165251168312,115.31531531531532,4.878471454423119
2020-06-03,117.16237861304403,115.41541541541542,4.727592092862776
2020-06-04,118.01980427046854,115.51551551551552,4.575313760742512
2020-06-05,114.49636159559402,115.61561561561561,4.42168151967072
2020-06-06,113.53874706951657,115.71571571571572,4.266740831899247
2020-06-07,111.69858109821948,115.81581581581582,4.110537546870351
2020-06-08,113.22142901197421,115.91591591591592,3.953117887649151
2020-06-09,127.9704994888246,116.01601601601601,3.7945284372454435
2020-06-10,116.29882706412789,116.11611611611612,3.6348161248290634
2020-06-11,104.98210206924018,116.21621621621622,3.474028211842774
2020-06-12,116.69324390192814,116.31631631631632,3.3122122780168652
2020-06-13,111.61375993990183,116.41641641641641,3.1494162072895193
2020-06-14,119.79962939013953,116.51651651651652,2.985688173637202
2020-06-15,119.19592496725079,116.61661661661662,2.821076626819194
2020-06-16,119.65177518321755,116.71671671671672,2.6556302780405594
2020-06-17,119.10258450862855,116.81681681681681,2.489398085537666
2020-06-18,117.37579463390887,116.91691691691692,2.3224292400907016
2020-06-19,111.8923095597844,117.01701701701703,2.1547731504673013
2020-06-20,118.73032618606172,117.11711711711712,1.9864794288017111
2020-06-21,124.12943803880943,117.21721721721721,1.8175978759137534
2020-06-22,128.03386120286532,117.31731731731732,1.6481784665719792
2020-06-23,117.70573211559271,117.41741741741743,1.4782713347053047
2020-06-24,118.17739454966669,117.51751751751752,1.3079267585675922
2020-06-25,121.25694865892157,117.61761761761761,1.1371951458594969
2020-06-26,126.15005253389027,117.71771771771772,0.966127018812031
2020-06-27,116.1811077645313,117.81781781781783,0.7947729992362097
2020-06-28,122.00435829621286,117.91791791791792,0.6231837935432507
2020-06-29,114.35533186813579,118.01801801801801,0.45141017773971925
2020-06-30,120.04686605184774,118.11811811811812,0.2795029824021032
2020-07-01,123.1787521789453,118.21821821821823,0.10751307763521929
2020-07-02,111.79950664359829,118.31831831831832,-0.0645086419810515
2020-07-03,115.55618353587501,118.41841841841841,-0.23651127245231585
2020-07-04,122.88399008656057,118.51851851851852,-0.4084439154329611
2020-07-05,121.11916907790479,118.61861861861863,-0.5802556932878035
2020-07-06,123.1465536561454,118.71871871871872,-0.7518957641475855
2020-07-07,122.13770371413524,118.81881881881881,-0.9233133369539122
2020-07-08,116.11894359284624,118.91891891891892,-1.0944576864891555
2020-07-09,128.74969159260564,119.01901901901903,-1.2652781683868315
2020-07-10,118.36794483876798,119.11911911911912,-1.4357242341181131
2020-07-11,102.33492902754827,119.21921921921921,-1.6057454459499376
2020-07-12,116.13229596556248,119.31931931931932,-1.7752914918703497
2020-07-13,115.12925093394617,119.41941941941943,-1.9443122004766193
2020-07-14,121.38300780053412,119.51951951951952,-2.112757555821793
2020-07-15,115.08311533141375,119.61961961961961,-2.280577712215198
2020-07-16,122.76684668984281,119.71971971971972,-2.447723008972596
2020-07-17,119.9961726967418,119.81981981981983,-2.6141439851115624
2020-07-18,112.13967621858181,119.91991991991992,-2.779791393987801
2020-07-19,116.37353712409487,120.02002002002001,-2.944616217868012
2020-07-20,113.13388321630808,120.12012012012012,-3.108569682435036
2020-07-21,117.87241018326762,120.22022022022023,-3.271603271220951
2020-07-22,112.97919724418084,120.32032032032032,-3.4336687399638803
2020-07-23,117.19787844208149,120.42042042042041,-3.5947181308842318
2020-07-24,115.40428797869225,120.52052052052052,-3.7547037868762017
2020-07-25,115.94592598161124,120.62062062062063,-3.913578365610259
2020-07-26,126.9041277661687,120.72072072072072,-4.071294853542516
2020-07-27,114.79058810745802,120.82082082082081,-4.2278065798267725
2020-07-28,106.86568825270977,120.92092092092092,-4.383067230125192
2020-07-29,121.56312088437933,121.02102102102103,-4.537030860313442
2020-07-30,121.47124872005485,121.12112112112112,-4.689651910076319
2020-07-31,106.48563513584732,121.22122122122121,-4.840885216389759
2020-08-01,112.82613718839568,121.32132132132132,-4.990686026885319
2020-08-02,118.46146419256094,121.42142142142143,-5.1390100130931025
2020-08-03,118.85672454404757,121.52152152152152,-5.285813283559292
2020-08-04,116.16695040752371,121.62162162162163,-5.431052396834318
2020-08-05,116.23616424206025,121.72172172172172,-5.574684374327892
2020-08-06,111.41221574337885,121.82182182182183,-5.7166667130270525
2020-08-07,104.06572095656998,121.92192192192192,-5.856957398073508
2020-08-08,126.27404369774322,122.02202202202203,-5.995514915196489
2020-08-09,111.14648747059104,122.12212212212212,-6.132298262997502
2020-08-10,116.83748370746133,122.22222222222223,-6.2672669650833015
2020-08-11,115.12770126198212,122.32232232232232,-6.400381082043502
2020-08-12,120.37680896052085,122.42242242242243,-6.5316012232693
2020-08-13,116.43612003132354,122.52252252252252,-6.66088855860977
2020-08-14,116.60162255822027,122.62262262262263,-6.788204829862355
2020-08-15,102.637619120584,122.72272272272272,-6.913512362094071
2020-08-16,111.61935338532143,122.82282282282283,-7.036774074790127
2020-08-17,119.48813466309127,122.92292292292292,-7.157953492826642
2020-08-18,119.01934939111844,123.02302302302303,-7.2770147572642365
2020-08-19,110.97093636907782,123.12312312312312,-7.393922635959242
2020-08-20,107.82443777562813,123.22322322322323,-7.508642533989489
2020-08-21,116.3350793530465,123.32332332332332,-7.621140503891487
2020-08-22,101.15816992373834,123.42342342342343,-7.731383255706026
2020-08-23,109.9408140950055,123.52352352352352,-7.839338166829201
2020-08-24,124.47945570773419,123.62362362362363,-7.944973291665992
2020-08-25,122.90080299700911,123.72372372372372,-8.048257371083452
2020-08-26,118.11091077598877,123.82382382382383,-8.149159841660792
2020-08-27,117.21295465159659,123.92392392392392,-8.247650844733613
2020-08-28,105.9294688661725,124.02402402402403,-8.343701235229537
2020-08-29,111.98350535058583,124.12412412412412,-8.437282590292712
2020-08-30,114.22001401670076,124.22422422422423,-8.528367217694594
2020-08-31,112.11032741278986,124.32432432432432,-8.616928164028522
2020-09-01,113.97026852719944,124.42442442442443,-8.702939222685673
2020-09-02,122.23427170464599,124.52452452452452,-8.786374941610001
2020-09-03,113.04829868743809,124.62462462462463,-8.86721063082993
2020-09-04,114.0746064521764,124.72472472472472,-8.945422369764497
2020-09-05,119.50149424394175,124.82482482482483,-9.020987014301836
2020-09-06,108.73366412826299,124.92492492492492,-9.093882203647926
2020-09-07,111.65991576388734,125.02502502502503,-9.164086366943458
2020-09-08,112.20493345669387,125.12512512512512,-9.231578729647039
2020-09-09,116.20684663830127,125.22522522522523,-9.296339319682694
2020-09-10,114.24216601450705,125.32532532532532,-9.35834897334994
2020-09-11,114.44113153769514,125.42542542542543,-9.417589340994617
2020-09-12,112.7272126975742,125.52552552552552,-9.474042892438845
2020-09-13,110.74378140238335,125.62562562562563,-9.527692922168512
2020-09-14,119.19291679250193,125.72572572572572,-9.57852355427667
2020-09-15,114.51028548385308,125.82582582582583,-9.626519747161487
2020-09-16,119.34935352868548,125.92592592592592,-9.671667297977312
2020-09-17,110.7539365267828,126.02602602602603,-9.7139528468375
2020-09-18,113.04655145661008,126.12612612612612,-9.753363880767838
2020-09-19,115.33042234958309,126.22622622622623,-9.789888737409319
2020-09-20,115.86347453377604,126.32632632632632,-9.823516608469237
2020-09-21,120.34403251316796,126.42642642642643,-9.854237542919524
2020-09-22,114.4919376286233,126.52652652652652,-9.882042449941421
2020-09-23,120.45341473906541,126.62662662662663,-9.90692310161561
2020-09-24,118.67257463416824,126.72672672672672,-9.928872135356961
2020-09-25,116.3446807203188,126.82682682682683,-9.94788305609327
2020-09-26,112.2064827062571,126.92692692692692,-9.96395023818723
2020-09-27,120.83433442724245,127.02702702702703,-9.977068927101168
2020-09-28,112.50820454975491,127.12712712712712,-9.987235240803972
2020-09-29,117.12637915552098,127.22722722722723,-9.994446170919858
2020-09-30,117.05892552902834,127.32732732732732,-9.998699583618592
2020-10-01,116.3919574940941,127.42742742742743,-9.999994220246926
2020-10-02,115.5825992148999,127.52752752752752,-9.99832969770105
2020-10-03,113.5235376442793,127.62762762762763,-9.993706508539969
2020-10-04,109.6569195200376,127.72772772772772,-9.986126020839734
2020-10-05,124.87126101424097,127.82782782782783,-9.975590477788613
2020-10-06,115.50720760961839,127.92792792792793,-9.962102997023297
2020-10-07,117.44179998273434,128.02802802802802,-9.945667569706337
2020-10-08,117.53070214911334,128.12812812812814,-9.926289059345095
2020-10-09,123.80227671401943,128.22822822822823,-9.903973200352558
2020-10-10,128.11557283956608,128.32832832832833,-9.878726596350429
2020-10-11,119.37710880815683,128.42842842842842,-9.850556718215014
2020-10-12,117.92404328437749,128.52852852852854,-9.81947190186646
2020-10-13,113.22586224702954,128.62862862862863,-9.785481345802031
2020-10-14,111.76219137329076,128.72872872872873,-9.748595108374126
2020-10-15,110.25013007579449,128.82882882882882,-9.708824104813836
2020-10-16,115.28352402731063,128.92892892892894,-9.666180104000972
2020-10-17,108.95407931748201,129.02902902902903,-9.620675724981453
2020-10-18,124.95095446459656,129.12912912912913,-9.57232443323312
2020-10-19,121.82356991251524,129.22922922922922,-9.521140536681102
2020-10-20,118.60398757444158,129.32932932932934,-9.467139181463862
2020-10-21,125.5660129857822,129.42942942942943,-9.410336347451198
2020-10-22,114.82300029899757,129.52952952952953,-9.350748843515573
2020-10-23,116.24133005024879,129.62962962962962,-9.288394302558068
2020-10-24,110.83747215193047,129.72972972972974,-9.223291176290545
2020-10-25,124.54613957515544,129.82982982982983,-9.155458729775468
2020-10-26,116.79330646265848,129.92992992992993,-9.084917035725082
2020-10-27,121.0968211278476,130.03003003003005,-9.011686968561568
2020-10-28,126.20722193476357,130.13013013013014,-8.935790198239953
2020-10-29,128.2272348238917,130.23023023023023,-8.857249183835638
2020-10-30,121.40851140597908,130.33033033033033,-8.776087166898392
2020-10-31,123.65928944721242,130.43043043043042,-8.692328164574793
2020-11-01,117.40528233781106,130.53053053053054,-8.60599696250118
2020-11-02,130.53037823819912,130.63063063063063,-8.517119107469188
2020-11-03,121.47425702936786,130.73073073073073,-8.425720899866032
2020-11-04,122.90042620427967,130.83083083083085,-8.331829385891785
2020-11-05,120.6611932200588,130.93093093093094,-8.235472349556007
2020-11-06,128.89059771864385,131.03103103103103,-8.136678304455991
2020-11-07,124.09362426120796,131.13113113113113,-8.035476485339116
2020-11-08,127.1040072788475,131.23123123123122,-7.931896839451843
2020-11-09,125.27515201354792,131.33133133133134,-7.825970017677833
2020-11-10,122.61165714988357,131.43143143143143,-7.717727365467837
2020-11-11,128.5716734244654,131.53153153153153,-7.607200913564104
2020-11-12,125.8637892359866,131.63163163163165,-7.494423368521953
2020-11-13,119.54740832446419,131.73173173173174,-7.379428103031386
2020-11-14,119.6235257667434,131.83183183183183,-7.262249146041543
2020-11-15,125.53314440439907,131.93193193193193,-7.142921172691032
2020-11-16,129.54784204992316,132.03203203203202,-7.021479494046979
2020-11-17,133.43127482800827,132.13213213213214,-6.897960046655887
2020-11-18,116.57376556241873,132.23223223223223,-6.772399381909491
2020-11-19,125.81579692259739,132.33233233233233,-6.644834655228552
2020-11-20,128.3653671282394,132.43243243243245,-6.515303615068021
2020-11-21,127.62703361575971,132.53253253253254,-6.383844591746643
2020-11-22,131.4287716716968,132.63263263263264,-6.250496486104376
2020-11-23,129.8951038571992,132.73273273273273,-6.115298757991053
2020-11-24,121.92704050034158,132.83283283283282,-5.978291414589552
2020-11-25,122.01945949090228,132.93293293293294,-5.839514998576998
2020-11-26,128.89629673766404,133.03303303303304,-5.699010576127624
2020-11-27,132.52884053048527,133.13313313313313,-5.556819724760489
2020-11-28,128.53733647696055,133.23323323323325,-5.412984521036172
2020-11-29,120.1761204573864,133.33333333333334,-5.267547528105542
2020-11-30,123.07702457373742,133.43343343343344,-5.120551783114646
2020-12-01,132.0190720283908,133.53353353353353,-4.972040784469378
2020-12-02,127.06834970008444,133.63363363363362,-4.822058478963526
2020-12-03,129.65287100097586,133.73373373373374,-4.670649248774303
2020-12-04,134.6430661312638,133.83383383383384,-4.51785789832884
2020-12-05,123.55915905478822,133.93393393393393,-4.363729641045924
2020-12-06,127.75451066856772,134.03403403403405,-4.2083100859565565
2020-12-07,127.46812484305687,134.13413413413414,-4.051645224207563
2020-12-08,132.11746550142155,134.23423423423424,-3.893781415452015
2020-12-09,134.46400985156356,134.33433433433433,-3.734765374130707
2020-12-10,123.45845299429189,134.43443443443442,-3.574644155648614
2020-12-11,131.09338759625285,134.53453453453454,-3.4134651424503613
2020-12-12,135.73000412486658,134.63463463463464,-3.251276029999093
2020-12-13,122.37267766476802,134.73473473473473,-3.088124812662538
2020-12-14,131.58881285812606,134.83483483483485,-2.9240597695107735
2020-12-15,126.0968832809892,134.93493493493494,-2.7591294500296044
2020-12-16,129.2338178575333,135.03503503503504,-2.593382659754056
2020-12-17,120.18309374190156,135.13513513513513,-2.426868445825954
2020-12-18,139.93926974653016,135.23523523523522,-2.2596360824801907
2020-12-19,131.46445464185422,135.33533533533534,-2.0917350564635635
2020-12-20,129.47626106286492,135.43543543543544,-1.9232150523909484
2020-12-21,135.42274482477848,135.53553553553553,-1.7541259380427843
2020-12-22,128.83956672259106,135.63563563563565,-1.5845177496083631
2020-12-23,128.63507241444984,135.73573573573574,-1.4144406768794202
2020-12-24,142.1435366365065,135.83583583583584,-1.243945048398
2020-12-25,143.9061697610063,135.93593593593593,-1.0730813165636246
2020-12-26,132.17381763192014,136.03603603603602,-0.9019000427034513
2020-12-27,140.74245780360656,136.13613613613614,-0.7304518821104743
2020-12-28,137.45765088712295,136.23623623623624,-0.5587875690537313
2020-12-29,128.8802219760193,136.33633633633633,-0.3869579017652689
2020-12-30,131.58076323977937,136.43643643643645,-0.21501372740813793
2020-12-31,144.24902960549142,136.53653653653654,-0.043005927029819736
2021-01-01,129.63167607200995,136.63663663663664,0.12901459949419652
2021-01-02,148.44273037563363,136.73673673673673,0.300996948522586
2021-01-03,134.45291618498925,136.83683683683682,0.4728902277113235
2021-01-04,145.48565503947674,136.93693693693695,0.644643571073618
2021-01-05,136.32542421785476,137.03703703703704,0.8162061540319052
2021-01-06,142.12418230310064,137.13713713713713,0.9875272084577376
2021-01-07,145.37095897553547,137.23723723723725,1.1585560376947848
2021-01-08,145.6163484573033,137.33733733733735,1.3292420315609124
2021-01-09,136.01514446479706,137.43743743743744,1.4995346813244534
2021-01-10,134.91998063269247,137.53753753753753,1.6693835946505886
2021-01-11,139.07031609939523,137.63763763763762,1.8387385105132759
2021-01-12,133.24288894663607,137.73773773773775,2.007549314068236
2021-01-13,141.20992476737345,137.83783783783784,2.1757660514828174
2021-01-14,136.17729362126838,137.93793793793793,2.343338944718038
2021-01-15,145.96180531201145,138.03803803803805,2.5102184062588266
2021-01-16,137.96393111083512,138.13813813813815,2.6763550537876646
2021-01-17,132.36864311563582,138.23823823823824,2.8416997247976825
2021-01-18,148.3491157103254,138.33833833833833,3.006203491140572
2021-01-19,142.52509612860302,138.43843843843842,3.1698176735052783
2021-01-20,142.01670684646186,138.53853853853855,3.33249385582294
2021-01-21,147.60479646296366,138.63863863863864,3.4941838995939767
2021-01-22,146.75146120836263,138.73873873873873,3.654839958133118
2021-01-23,138.84398560951465,138.83883883883885,3.8144144907279194
2021-01-24,140.66289118551504,138.93893893893895,3.9728602767068937
2021-01-25,137.60439321815517,139.03903903903904,4.130130429412807
2021-01-26,136.10305727359233,139.13913913913913,4.286178410077264
2021-01-27,146.57315995540836,139.23923923923923,4.440958041592176
2021-01-28,145.8946844117222,139.33933933933935,4.59442352217446
2021-01-29,147.99011493597135,139.43943943943944,4.7465294389193495
2021-01-30,150.8447975282582,139.53953953953953,4.897230781238956
2021-01-31,148.55849656844956,139.63963963963965,5.046482954181526
2021-02-01,149.25127891289387,139.73973973973975,5.194241791627842
2021-02-02,134.79049711833986,139.83983983983984,5.340463569360717
2021-02-03,143.89011874831857,139.93993993993993,5.485105018003606
2021-02-04,150.4910458492148,140.04004004004003,5.628123335824821
2021-02-05,140.06857266051722,140.14014014014015,5.76947620140316
2021-02-06,146.6077189405806,140.24024024024024,5.909121786151564
2021-02-07,148.98468131010267,140.34034034034033,6.047018766694813
2021-02-08,148.83783424673072,140.44044044044045,6.183126337097825
2021-02-09,148.70192630127278,140.54054054054055,6.317404220940746
2021-02-10,150.08501691910595,140.64064064064064,6.449812683237445
2021-02-11,148.2247727575755,140.74074074074073,6.580312542193658
2021-02-12,140.23506498468734,140.84084084084083,6.708865180801582
2021-02-13,150.31115117622568,140.94094094094095,6.83543255826725
2021-02-14,149.42475106507715,141.04104104104104,6.959977221267386
2021-02-15,140.97486120189637,141.14114114114113,7.082462315032489
2021-02-16,155.3427688909268,141.24124124124126,7.2028515942527065
2021-02-17,151.331639273885,141.34134134134135,7.321109433803457
2021-02-18,141.97690067584156,141.44144144144144,7.437200839287408
2021-02-19,145.00650717907075,141.54154154154153,7.551091457389965
2021-02-20,146.48412901895563,141.64164164164163,7.662747586044899
2021-02-21,146.69006073214587,141.74174174174175,7.772136184407364
2021-02-22,151.1863176685653,141.84184184184184,7.879224882631226
2021-02-23,145.04416517809838,141.94194194194193,7.983981991447763
2021-02-24,155.76910228919488,142.04204204204206,8.086376511543126
2021-02-25,155.55753754171354,142.14214214214215,8.186378142731426
2021-02-26,153.62278608316134,142.24224224224224,8.283957292921137
2021-02-27,150.9426363061834,142.34234234234233,8.379085086871813
2021-02-28,155.60141339293887,142.44244244244243,8.47173337473877
2021-03-01,149.72467866892555,142.54254254254255,8.561874740403054
2021-03-02,147.66968084531095,142.64264264264264,8.649482509584342
2021-03-03,157.42782172857568,142.74274274274273,8.734530757734246
2021-03-04,153.24755094564574,142.84284284284286,8.816994317707849
2021-03-05,148.41950352724703,142.94294294294295,8.896848787211043
2021-03-06,149.9284017438567,143.04304304304304,8.974070536021568
2021-03-07,148.50963993729837,143.14314314314316,9.048636712981574
2021-03-08,162.47464279014594,143.24324324324326,9.12052525275964
2021-03-09,152.55355041297625,143.34334334334335,9.189714882380281
2021-03-10,153.48848512723072,143.44344344344344,9.256185127518922
2021-03-11,156.46955510141387,143.54354354354354,9.319916318560635
2021-03-12,146.94772832702927,143.64364364364366,9.380889596420648
2021-03-13,158.66556699329993,143.74374374374375,9.439086918125081
2021-03-14,150.29910425205472,143.84384384384384,9.494491062150136
2021-03-15,162.64111100803794,143.94394394394396,9.547085633518225
2021-03-16,152.0776054626206,144.04404404404406,9.596855068649523
2021-03-17,158.97612885792753,144.14414414414415,9.643784639967452
2021-03-18,141.44811411890566,144.24424424424424,9.68786046025684
2021-03-19,148.1977484506878,144.34434434434434,9.729069486773348
2021-03-20,152.74380817455938,144.44444444444446,9.767399525103048
2021-03-21,144.193468786691,144.54454454454455,9.802839232770918
2021-03-22,157.48444501144894,144.64464464464464,9.835378122597296
2021-03-23,156.17454193772718,144.74474474474476,9.865006565801178
2021-03-24,149.78242239039503,144.84484484484486,9.891715794849548
2021-03-25,154.7806497016743,144.94494494494495,9.915497906051815
2021-03-26,159.01377705655935,145.04504504504504,9.93634586189866
2021-03-27,144.5841510539398,145.14514514514514,9.954253493144536
2021-03-28,148.84701566470522,145.24524524524526,9.969215500633252
2021-03-29,153.6511313060947,145.34534534534535,9.981227456866078
2021-03-30,155.55434938591975,145.44544544544544,9.990285807311906
2021-03-31,155.24887630899696,145.54554554554556,9.99638787145911
2021-04-01,160.09165141643294,145.64564564564566,9.99953184360873
2021-04-02,158.13151876743154,145.74574574574575,9.99971679340883
2021-04-03,159.32596271483095,145.84584584584584,9.996942666129788
2021-04-04,148.9877775646046,145.94594594594594,9.991210282680496
2021-04-05,156.7526866594084,146.04604604604606,9.98252133936544
2021-04-06,154.58131200733916,146.14614614614615,9.970878407382743
2021-04-07,163.51289058665336,146.24624624624624,9.956284932063294
2021-04-08,157.15706976508707,146.34634634634637,9.938745231851225
2021-04-09,153.01944126989233,146.44644644644646,9.918264497026016
2021-04-10,160.70390171448835,146.54654654654655,9.894848788166605
2021-04-11,159.33164066032785,146.64664664664664,9.868505034357966
2021-04-12,152.47797941468502,146.74674674674674,9.839241031140682
2021-04-13,154.9114637712051,146.84684684684686,9.807065438204116
2021-04-14,155.061702425729,146.94694694694695,9.771987776823877
2021-04-15,162.91837093548904,147.04704704704704,9.73401842704431
2021-04-16,157.85652514114625,147.14714714714717,9.693168624606878
2021-04-17,160.53061009767345,147.24724724724726,9.649450457625344
2021-04-18,154.4838656047056,147.34734734734735,9.602876863008662
2021-04-19,158.67491052577745,147.44744744744744,9.553461622632788
2021-04-20,163.5655714214582,147.54754754754754,9.501219359262361
2021-04-21,155.28842935361803,147.64764764764766,9.446165532223606
2021-04-22,157.7118381997663,147.74774774774775,9.388316432829672
2021-04-23,150.35900574621957,147.84784784784785,9.327689179559782
2021-04-24,153.38445921139137,147.94794794794797,9.264301712993564
2021-04-25,155.57400637856114,148.04804804804806,9.198172790502197
2021-04-26,151.97327358408728,148.14814814814815,9.12932198069775
2021-04-27,163.91588629350002,148.24824824824825,9.05776965764254
2021-04-28,153.1418502419609,148.34834834834834,8.983536994820138
2021-04-29,161.28908736790444,148.44844844844846,8.90664595886975
2021-04-30,158.30984903929192,148.54854854854855,8.827119303085995
2021-05-01,157.5478889518867,148.64864864864865,8.744980560685747
2021-05-02,164.83982101141896,148.74874874874877,8.66025403784439
2021-05-03,146.1188121707141,148.84884884884886,8.572964806503139
2021-05-04,156.45106316178334,148.94894894894895,8.48313869694991
2021-05-05,152.03794965639753,149.04904904904905,8.390802290175676
2021-05-06,147.6380300134927,149.14914914914914,8.295982910008743
2021-05-07,151.47429919549,149.24924924924926,8.198708615029215
2021-05-08,157.53454521463067,149.34934934934935,8.099008190265954
2021-05-09,153.8196249420959,149.44944944944945,7.996911138678691
2021-05-10,161.92506517110286,149.54954954954957,7.892447672427563
2021-05-11,156.36606911387588,149.64964964964966,7.785648703932892
2021-05-12,155.80260381287272,149.74974974974975,7.676545836727673
2021-05-13,155.813616453425,149.84984984984985,7.56517135610563
2021-05-14,156.90903613886965,149.94994994994994,7.451558219567401
2021-05-15,155.29339742240424,150.05005005005006,7.33574004706797
2021-05-16,153.11163277339725,150.15015015015015,7.217751111067904
2021-05-17,162.29380099652204,150.25025025025025,7.09762632639161
2021-05-18,154.20527633830116,150.35035035035037,6.975401239895522
2021-05-19,155.38392938866866,150.45045045045046,6.851112019949134
2021-05-20,159.42237139673435,150.55055055055055,6.724795445732251
2021-05-21,158.84084577778833,150.65065065065065,6.596488896351408
2021-05-22,152.74979077879934,150.75075075075074,6.466230339778845
2021-05-23,160.95981889302166,150.85085085085086,6.3340583216170865
2021-05-24,159.83931460383576,150.95095095095095,6.2000119536927745
2021-05-25,158.0050561244701,151.05105105105105,6.0641309024827645
2021-05-26,154.92102227561992,151.15115115115117,5.926455377376226
2021-05-27,155.00462391742022,151.25125125125126,5.7870261187760095
2021-05-28,155.98825022238626,151.35135135135135,5.645884386042948
2021-05-29,150.79536369109914,151.45145145145145,5.5030719452865275
2021-05-30,156.71384036557237,151.55155155155154,5.3586310570055815
2021-05-31,161.32476631746943,151.65165165165166,5.2126044635827835
2021-06-01,161.19864307755833,151.75175175175175,5.065035376636455
2021-06-02,154.8635604597032,151.85185185185185,4.915967464233612
2021-06-03,162.03781315354743,151.95195195195197,4.765444837967776
2021-06-04,166.19508686460506,152.05205205205206,4.61351203990578
2021-06-05,155.0313285052449,152.15215215215215,4.460214029406874
2021-06-06,160.0154219542318,152.25225225225225,4.305596169818739
2021-06-07,145.18800675395195,152.35235235235234,4.149704215053556
2021-06-08,150.15430310759135,152.45245245245246,3.992584296048835
2021-06-09,156.84244060633657,152.55255255255256,3.834282907116408
2021-06-10,151.29383423224476,152.65265265265265,3.674846892184069
2021-06-11,166.46308640729876,152.75275275275277,3.5143234309337474
2021-06-12,159.1950113141758,152.85285285285286,3.352760024840169
2021-06-13,160.97231567035814,152.95295295295296,3.1902044831145346
2021-06-14,155.93462593080702,153.05305305305305,3.0267049085568924
2021-06-15,150.9994227371567,153.15315315315314,2.862309683321809
2021-06-16,153.35626929698012,153.25325325325326,2.697067454601279
2021-06-17,157.15628287171447,153.35335335335336,2.531027120229306
2021-06-18,152.62811457562051,153.45345345345345,2.36423781421213
2021-06-19,159.10626240437838,153.55355355355357,2.1967488921888165
2021-06-20,159.23933841650287,153.65365365365366,2.0286099168260128
2021-06-21,155.6385309166033,153.75375375375376,1.8598706431516085
2021-06-22,146.41625942260032,153.85385385385385,1.6905810038314715
2021-06-23,164.0486697166772,153.95395395395394,1.5207910943934675
2021-06-24,154.34124092900993,154.05405405405406,1.3505511584034569
2021-06-25,168.8804489691067,154.15415415415416,1.1799115725973781
2021-06-26,158.52585556798928,154.25425425425425,1.0089228319740333
2021-06-27,154.14221450554678,154.35435435435437,0.8376355348526826
2021-06-28,157.35966420484482,154.45445445445446,0.6661003679003268
2021-06-29,144.95249506029407,154.55455455455456,0.49436809113258473
2021-06-30,160.10785619372754,154.65465465465465,0.322489522893041
2021-07-01,167.73997646721747,154.75475475475474,0.15051552481533342
2021-07-02,144.38718447241024,154.85485485485486,-0.021503013227746653
2021-07-03,153.32439471764317,154.95495495495496,-0.1935151881832447
2021-07-04,154.16289434221622,155.05505505505505,-0.3654700988811993
2021-07-05,158.99398143987344,155.15515515515517,-0.5373168610970465
2021-07-06,165.07612900347382,155.25525525525526,-0.7090046226091157
2021-07-07,156.38928339008663,155.35535535535536,-0.8804825782465496
2021-07-08,165.1127145916096,155.45545545545545,-1.0516999849234956
2021-07-09,155.1851117633242,155.55555555555554,-1.2226061766546594
2021-07-10,156.5196241700885,155.65565565565566,-1.393150579548309
2021-07-11,155.83365085978517,155.75575575575576,-1.5632827267718503
2021-07-12,160.22440249739557,155.85585585585585,-1.7329522734857217
2021-07-13,151.94224165366361,155.95595595595597,-1.9021090117413475
2021-07-14,158.07678696452518,156.05605605605606,-2.0707028853384077
2021-07-15,147.7634891202367,156.15615615615616,-2.2386840046373075
2021-07-16,152.42773307167695,156.25625625625625,-2.406002661322256
2021-07-17,150.60002889855141,156.35635635635634,-2.5726093431108756
2021-07-18,154.1578095011406,156.45645645645646,-2.7384547484055473
2021-07-19,152.072668008655,156.55655655655656,-2.9034898008826646
2021-07-20,159.24965945492647,156.65665665665665,-3.0676656640150597
2021-07-21,149.13248252537508,156.75675675675677,-3.230933755523461
2021-07-22,144.80703141604891,156.85685685685687,-3.393245761752893
2021-07-23,146.61598420642983,156.95695695695696,-3.5545536519693317
2021-07-24,158.31308759599077,157.05705705705705,-3.7148096925728833
2021-07-25,148.43540397935317,157.15715715715714,-3.8739664612228615
2021-07-26,155.21450247398997,157.25725725725727,-4.031976860870853
2021-07-27,151.69462570741953,157.35735735735736,-4.188794133697427
2021-07-28,157.2343058562751,157.45745745745745,-4.344371874948622
2021-07-29,151.90506498530675,157.55755755755757,-4.498664046667798
2021-07-30,166.82777524692432,157.65765765765767,-4.651624991319036
2021-07-31,162.4451333915524,157.75775775775776,-4.803209445297892
2021-08-01,151.32843440350373,157.85785785785785,-4.95337255232566
2021-08-02,150.59521513575993,157.95795795795794,-5.1020698767230925
2021-08-03,168.47043139554077,158.05805805805807,-5.249257416559593
2021-08-04,147.36901173484108,158.15815815815816,-5.3948916166741165
2021-08-05,152.4442111371027,158.25825825825825,-5.538929381563792
2021-08-06,152.78927486874883,158.35835835835837,-5.681328088136672
2021-08-07,152.62472337106112,158.45845845845847,-5.822045598324479
2021-08-08,143.90395968435388,158.55855855855856,-5.961040271552034
2021-08-09,155.04339972997903,158.65865865865865,-6.098270977059322
2021-08-10,147.6733111957244,158.75875875875874,-6.233697106072765
2021-08-11,159.67152589588224,158.85885885885887,-6.367278583821979
2021-08-12,145.1801578653873,158.95895895895896,-6.498975881398565
2021-08-13,152.72763866848305,159.05905905905905,-6.6287500274533775
2021-08-14,141.321993304671,159.15915915915917,-6.756562619728733
2021-08-15,141.60496489113336,159.25925925925927,-6.882375836422284
2021-08-16,148.15644712051716,159.35935935935936,-7.006152447379046
2021-08-17,148.84055322266585,159.45945945945945,-7.127855825108473
2021-08-18,159.64074166888366,159.55955955955955,-7.247449955623079
2021-08-19,152.0918010292546,159.65965965965967,-7.364899449095569
2021-08-20,158.7416247139863,159.75975975975976,-7.480169550331222
2021-08-21,150.3677007374239,159.85985985985985,-7.5932261490525885
2021-08-22,155.28635008436845,159.95995995995997,-7.704035789993177
2021-08-23,148.62011779266805,160.06006006006007,-7.812565682797487
2021-08-24,148.27401110294298,160.16016016016016,-7.918783711724176
2021-08-25,143.13335112052124,160.26026026026028,-8.022658445149574
2021-08-26,153.91497118474783,160.36036036036037,-8.1241591448689
2021-08-27,153.54762175876914,160.46046046046047,-8.223255775192097
2021-08-28,156.12720598515787,160.56056056056056,-8.31991901183195
2021-08-29,153.32113184578603,160.66066066066065,-8.414120250581577
2021-08-30,162.38590903095172,160.76076076076077,-8.50583161577889
2021-08-31,153.145973075693,160.86086086086087,-8.595025968555412
2021-09-01,157.23841761778442,160.96096096096096,-8.681676914867166
2021-09-02,150.6747568327605,161.06106106106108,-8.76575881330507
2021-09-03,147.77156420697162,161.16116116116117,-8.84724678268261
2021-09-04,155.9236204027958,161.26126126126127,-8.926116709398649
2021-09-05,151.9132761676867,161.36136136136136,-9.002345254572962
2021-09-06,156.54576683015694,161.46146146146145,-9.075909860952637
2021-09-07,154.17945551119786,161.56156156156158,-9.146788759587107
2021-09-08,148.48163405144095,161.66166166166167,-9.214960976269943
2021-09-09,157.85304481240146,161.76176176176176,-9.280406337745426
2021-09-10,148.16280661526037,161.86186186186188,-9.343105477678197
2021-09-11,155.6855534360555,161.96196196196198,-9.403039842384004
2021-09-12,159.00992592337124,162.06206206206207,-9.460191696320084
2021-09-13,150.72464384275298,162.16216216216216,-9.51454412733338
2021-09-14,158.47615347895874,162.26226226226225,-9.566081051665098
2021-09-15,154.73565931391815,162.36236236236238,-9.614787218710187
2021-09-16,157.06153313891357,162.46246246246247,-9.660648215530205
2021-09-17,148.67513363593127,162.56256256256256,-9.703650471118362
2021-09-18,153.990382562516,162.66266266266268,-9.743781260415393
2021-09-19,145.94132750456515,162.76276276276278,-9.781028708075102
2021-09-20,161.60398364743673,162.86286286286287,-9.815381791978467
2021-09-21,143.04614100854516,162.96296296296296,-9.84683034649528
2021-09-22,151.4139388994265,163.06306306306305,-9.8753650654923
2021-09-23,148.60364268707798,163.16316316316318,-9.900977505087093
2021-09-24,156.71310525312774,163.26326326326327,-9.92366008614672
2021-09-25,163.03968699648243,163.36336336336336,-9.943406096530518
2021-09-26,156.77782926382477,163.46346346346348,-9.960209693076331
2021-09-27,168.39591614499074,163.56356356356358,-9.974065903329596
2021-09-28,146.7889921538547,163.66366366366367,-9.984970627014778
2021-09-29,147.26492246387224,163.76376376376376,-9.992920637248696
2021-09-30,149.40037912429142,163.86386386386386,-9.99791358149542
2021-10-01,154.57023945818108,163.96396396396398,-9.999947982262414
2021-10-02,148.93042895011007,164.06406406406407,-9.999023237537765
2021-10-03,150.41071077167072,164.16416416416416,-9.995139620968313
2021-10-04,157.37838360212203,164.26426426426428,-9.988298281778684
2021-10-05,148.19000370436405,164.36436436436435,-9.978501244431207
2021-10-06,148.8327329915871,164.46446446446447,-9.965751408026861
2021-10-07,152.62181825416684,164.56456456456456,-9.950052545447353
2021-10-08,153.21104000822933,164.66466466466466,-9.931409302238695
2021-10-09,159.90501615563488,164.76476476476478,-9.909827195236492
2021-10-10,150.47635351404085,164.86486486486487,-9.885312610933433
2021-10-11,151.50569224077108,164.96496496496496,-9.857872803589412
2021-10-12,158.14589975337523,165.06506506506508,-9.827515893084884
2021-10-13,159.377885921564,165.16516516516515,-9.794250862518064
2021-10-14,162.6508000453515,165.26526526526527,-9.758087555546684
2021-10-15,157.99193046621406,165.36536536536536,-9.719036673475081
2021-10-16,156.44017599318707,165.46546546546546,-9.677109772087535
2021-10-17,158.80843834106764,165.56556556556558,-9.632319258228705
2021-10-18,154.7439232500907,165.66566566566567,-9.58467838613225
2021-10-19,154.85772654038968,165.76576576576576,-9.53420125349868
2021-10-20,147.51441150714845,165.86586586586589,-9.480902797323662
2021-10-21,161.00824695993478,165.96596596596595,-9.424798789477858
2021-10-22,157.75745495928498,166.06606606606607,-9.36590583203982
2021-10-23,160.7471211456246,166.16616616616616,-9.30424135238313
2021-10-24,142.94739019586035,166.26626626626626,-9.23982359801943
2021-10-25,156.95818619570002,166.36636636636638,-9.172671631198613
2021-10-26,153.0842536113103,166.46646646646647,-9.102805323268019
2021-10-27,165.04313374187552,166.56656656656656,-9.03024534879222
2021-10-28,160.7827380646508,166.66666666666669,-8.95501317943504
2021-10-29,159.0608127432138,166.76676676676675,-8.877131077605755
2021-10-30,155.91057993029048,166.86686686686687,-8.796622089871292
2021-10-31,160.23949847748878,166.96696696696696,-8.713510040136406
2021-11-01,153.7983193975828,167.06706706706706,-8.627819522593745
2021-11-02,158.12896453429227,167.16716716716718,-8.539575894446081
2021-11-03,155.92664506392748,167.26726726726727,-8.448805268402667
2021-11-04,170.34428113732366,167.36736736736736,-8.355534504952145
2021-11-05,166.5574150440077,167.4674674674675,-8.259791204413983
2021-11-06,164.72120128871055,167.56756756756755,-8.161603698771163
2021-11-07,152.1551115136106,167.66766766766767,-8.06100104328631
2021-11-08,164.13054032128434,167.76776776776777,-7.958013007903714
2021-11-09,160.95353117513758,167.86786786786786,-7.852670068439961
2021-11-10,166.34026526798309,167.96796796796798,-7.745003397565632
2021-11-11,162.04499868812192,168.06806806806807,-7.635044855580851
2021-11-12,160.6117528569894,168.16816816816817,-7.5228269809872454
2021-11-13,162.02880676909174,168.2682682682683,-7.408382980859317
2021-11-14,152.04845518923773,168.36836836836838,-7.29174672101792
2021-11-15,157.45849939162062,168.46846846846847,-7.17295271600886
2021-11-16,163.38321014319553,168.5685685685686,-7.052036118889422
2021-11-17,167.43657774987554,168.66866866866866,-6.929032710826029
2021-11-18,159.2123242967021,168.76876876876878,-6.80397889050611
2021-11-19,161.98792280618218,168.86886886886887,-6.676911663366995
2021-11-20,154.41613811494648,168.96896896896897,-6.547868630645511
2021-11-21,169.94873515758675,169.0690690690691,-6.41688797825113
2021-11-22,168.45386936486858,169.16916916916918,-6.284008465466197
2021-11-23,166.3805129486289,169.26926926926927,-6.149269413476359
2021-11-24,165.390689613789,169.3693693693694,-6.012710693734842
2021-11-25,171.3578420790396,169.46946946946946,-5.874372716163821
2021-11-26,159.81021819579945,169.56956956956958,-5.734296417196532
2021-11-27,159.51133864037297,169.66966966966967,-5.5925232476634354
2021-11-28,169.62827354052564,169.76976976976977,-5.44909516052628
2021-11-29,169.53738217994683,169.8698698698699,-5.304054598463659
2021-11-30,158.8450475582129,169.96996996996998,-5.157444481311303
2021-12-01,162.40396246882412,170.07007007007007,-5.009308193361626
2021-12-02,173.75594625503166,170.1701701701702,-4.8596895705254815
2021-12-03,167.61997402398922,170.27027027027026,-4.708632887360563
2021-12-04,169.7499951164916,170.37037037037038,-4.556182843969657
2021-12-05,160.27285320505038,170.47047047047047,-4.402384552773285
2021-12-06,169.60650966809627,170.57057057057057,-4.247283525160176
2021-12-07,159.48203728379653,170.6706706706707,-4.090925658019767
2021-12-08,156.93830672260688,170.77077077077078,-3.933357220160485
2021-12-09,170.7303658331571,170.87087087087087,-3.774624838618108
2021-12-10,174.52842133428533,170.970970970971,-3.6147754848581264
2021-12-11,166.34828423144918,171.07107107107106,-3.4538564608760303
2021-12-12,165.14650237669895,171.17117117117118,-3.291915385199954
2021-12-13,176.6965143737036,171.27127127127127,-3.129000178799537
2021-12-14,167.43229547489287,171.37137137137137,-2.965159050905475
2021-12-15,168.34218736894175,171.4714714714715,-2.800440484743445
2021-12-16,177.4064644805861,171.57157157157158,-2.6348932231871736
2021-12-17,167.4351813521958,171.67167167167167,-2.468566254334839
2021-12-18,166.20012492803502,171.7717717717718,-2.3015087970124353
2021-12-19,173.815642706348,171.87187187187186,-2.1337702862092796
2021-12-20,166.44729084162705,171.97197197197198,-1.9654003584493542
2021-12-21,169.55261554435805,172.07207207207207,-1.7964488371031302
2021-12-22,163.94941344596725,172.17217217217217,-1.6269657176439243
2021-12-23,171.74225656130136,172.2722722722723,-1.4570011528535065
2021-12-24,171.42625437040678,172.37237237237238,-1.2866054379810472
2021-12-25,176.19674485022816,172.47247247247248,-1.1158289958600156
2021-12-26,175.9141328938941,172.5725725725726,-0.944722361987147
2021-12-27,174.65692654545236,172.67267267267266,-0.7733361695682096
2021-12-28,174.1423301021429,172.77277277277278,-0.6017211345349499
2021-12-29,172.07667426357395,172.87287287287288,-0.4299280405372191
2021-12-30,175.76274509403655,172.97297297297297,-0.25800772391541626
2021-12-31,167.425401146071,173.0730730730731,-0.08601105865714402
2022-01-01,161.5143538725588,173.17317317317318,0.086011058657152
2022-01-02,179.34086935325314,173.27327327327328,0.2580077239154065
2022-01-03,177.1741037251502,173.3733733733734,0.42992804053720934
2022-01-04,173.44026243660883,173.47347347347346,0.6017211345349579
2022-01-05,179.71970278537174,173.57357357357358,0.7733361695682177
2022-01-06,170.96090895092817,173.67367367367368,0.9447223619871195
2022-01-07,171.36214010921802,173.77377377377377,1.115828995860006
2022-01-08,170.93979069338408,173.8738738738739,1.2866054379810374
2022-01-09,178.26908500240688,173.97397397397398,1.457001152853479
2022-01-10,167.78624940564418,174.07407407407408,1.626965717643897
2022-01-11,172.13581497736712,174.1741741741742,1.7964488371031377
2022-01-12,177.6882497489043,174.27427427427426,1.965400358449362
2022-01-13,170.48738928097058,174.37437437437438,2.13377028620927
2022-01-14,173.47443124318096,174.47447447447448,2.301508797012426
2022-01-15,165.98530294333662,174.57457457457457,2.468566254334847
2022-01-16,180.33860114486956,174.6746746746747,2.6348932231871816
2022-01-17,174.1360392928068,174.77477477477478,2.8004404847434183
2022-01-18,172.34362767507457,174.87487487487488,2.9651590509054824
2022-01-19,171.62886152398167,174.974974974975,3.129000178799544
2022-01-20,176.27592289924948,175.07507507507506,3.291915385199928
2022-01-21,170.72825370159399,175.17517517517518,3.453856460876004
2022-01-22,188.60194914587674,175.27527527527528,3.6147754848581175
2022-01-23,167.22627712814855,175.37537537537537,3.774624838618099
2022-01-24,177.1557369467035,175.4754754754755,3.9333572201604596
2022-01-25,180.20103588005162,175.57557557557558,4.090925658019742
2022-01-26,176.04606418015308,175.67567567567568,4.247283525160183
2022-01-27,181.23881901501466,175.7757757757758,4.402384552773277
2022-01-28,176.4340508451147,175.87587587587586,4.556182843969648
2022-01-29,188.33508118170232,175.97597597597598,4.7086328873605705
2022-01-30,175.34138057605267,176.07607607607608,4.8596895705254886
2022-01-31,169.42936466279616,176.17617617617617,5.009308193361601
2022-02-01,174.94122150532095,176.2762762762763,5.15744448131128
2022-02-02,183.61290484890858,176.37637637637638,5.30405459846365
2022-02-03,181.33594973925847,176.47647647647648,5.449095160526287
2022-02-04,185.9297643641506,176.5765765765766,5.592523247663413
2022-02-05,184.919696177428,176.67667667667666,5.734296417196509
2022-02-06,179.46974774431456,176.77677677677679,5.874372716163813
2022-02-07,180.44417010163397,176.87687687687688,6.012710693734819
2022-02-08,181.19960251218717,176.97697697697697,6.149269413476337
2022-02-09,192.78281596002657,177.0770770770771,6.284008465466204
2022-02-10,187.04817672886517,177.17717717717719,6.416887978251137
2022-02-11,193.2835804038153,177.27727727727728,6.547868630645503
2022-02-12,188.25818590245345,177.3773773773774,6.676911663366988
2022-02-13,183.9635393933758,177.47747747747746,6.803978890506115
2022-02-14,179.40980285347527,177.57757757757759,6.929032710826034
2022-02-15,185.73731215231078,177.67767767767768,7.052036118889403
2022-02-16,184.64638463270546,177.77777777777777,7.172952716008841
2022-02-17,184.70138817220473,177.8778778778779,7.291746721017914
2022-02-18,184.34086557434102,177.977977977978,7.408382980859298
2022-02-19,175.33859152118418,178.07807807807808,7.522826980987228
2022-02-20,192.11742211643232,178.1781781781782,7.6350448555808565
2022-02-21,185.7710142297573,178.27827827827826,7.745003397565638
2022-02-22,179.15978286667513,178.3783783783784,7.852670068439956
2022-02-23,188.8453050317504,178.47847847847848,7.958013007903698
2022-02-24,182.36039877883226,178.57857857857857,8.061001043286316
2022-02-25,189.65098549230376,178.6786786786787,8.16160369877117
2022-02-26,191.44685228575506,178.7787787787788,8.259791204413977
2022-02-27,192.33259583717762,178.87887887887888,8.35553450495214
2022-02-28,186.6232006141076,178.978978978979,8.44880526840267
2022-03-01,185.54976633343256,179.07907907907907,8.539575894446067
2022-03-02,184.67930690044957,179.1791791791792,8.62781952259373
2022-03-03,184.3800088771132,179.27927927927928,8.7135100401364
2022-03-04,188.08985114819606,179.37937937937937,8.796622089871288
2022-03-05,187.30989524512654,179.4794794794795,8.877131077605743
2022-03-06,184.4080736799038,179.5795795795796,8.955013179435028
2022-03-07,182.9910012594574,179.67967967967968,9.030245348792224
2022-03-08,188.3388046417549,179.7797797797798,9.102805323268022
2022-03-09,186.88156342135932,179.87987987987987,9.172671631198607
2022-03-10,183.51296871159008,179.97997997998,9.239823598019427
2022-03-11,193.53717649957025,180.08008008008008,9.304241352383132
2022-03-12,198.40654976634622,180.18018018018017,9.365905832039811
2022-03-13,194.51802013967927,180.2802802802803,9.424798789477855
2022-03-14,186.26034311932384,180.3803803803804,9.480902797323665
2022-03-15,189.76353331102948,180.48048048048048,9.534201253498683
2022-03-16,197.86740372515015,180.5805805805806,9.584678386132241
2022-03-17,184.4445017250219,180.68068068068067,9.632319258228698
2022-03-18,194.37086618629445,180.7807807807808,9.677109772087533
2022-03-19,183.35950151363602,180.88088088088088,9.719036673475077
2022-03-20,199.1592566736843,180.98098098098097,9.758087555546677
2022-03-21,188.7237593198442,181.0810810810811,9.794250862518059
2022-03-22,202.15391569688515,181.1811811811812,9.827515893084882
2022-03-23,199.77947307807983,181.28128128128128,9.857872803589409
2022-03-24,190.73454144440788,181.3813813813814,9.88531261093343
2022-03-25,187.7942818111659,181.48148148148147,9.909827195236494
2022-03-26,192.48686824327487,181.5815815815816,9.931409302238695
2022-03-27,190.73093939389622,181.68168168168168,9.95005254544735
2022-03-28,189.73969837188065,181.78178178178177,9.965751408026858
2022-03-29,183.56981685342163,181.8818818818819,9.97850124443121
2022-03-30,189.39751234548774,181.981981981982,9.988298281778684
2022-03-31,186.52482609426917,182.08208208208208,9.995139620968313
2022-04-01,194.93944395184613,182.1821821821822,9.999023237537765
2022-04-02,197.23758684753182,182.28228228228227,9.999947982262414
2022-04-03,196.0837159834958,182.3823823823824,9.99791358149542
2022-04-04,194.1872785678687,182.48248248248248,9.992920637248696
2022-04-05,188.30301787389283,182.58258258258257,9.984970627014778
2022-04-06,193.68375244902185,182.6826826826827,9.974065903329597
2022-04-07,196.706818194081,182.7827827827828,9.960209693076331
2022-04-08,189.89511110741475,182.88288288288288,9.94340609653052
2022-04-09,193.50157517610475,182.982982982983,9.92366008614672
2022-04-10,192.25675264182055,183.08308308308307,9.900977505087095
2022-04-11,201.37038159672792,183.1831831831832,9.875365065492302
2022-04-12,197.3878543061012,183.28328328328328,9.846830346495283
2022-04-13,196.2445632341038,183.38338338338338,9.81538179197847
2022-04-14,184.68104352173143,183.4834834834835,9.781028708075103
2022-04-15,194.1915514778369,183.5835835835836,9.743781260415398
2022-04-16,192.61226701017918,183.68368368368368,9.70365047111836
2022-04-17,192.62614644646465,183.7837837837838,9.660648215530207
2022-04-18,185.68160373888588,183.88388388388387,9.614787218710191
2022-04-19,188.11122192416124,183.983983983984,9.566081051665106
2022-04-20,193.25854077188856,184.08408408408408,9.514544127333378
2022-04-21,199.2161547714566,184.18418418418418,9.460191696320088
2022-04-22,190.73470127747117,184.2842842842843,9.403039842384008
2022-04-23,191.72779622654124,184.3843843843844,9.343105477678193
2022-04-24,202.67035079866096,184.48448448448448,9.28040633774543
2022-04-25,192.31543361501537,184.5845845845846,9.214960976269946
2022-04-26,193.1875258250039,184.68468468468467,9.146788759587118
2022-04-27,193.28447073547872,184.7847847847848,9.07590986095264
2022-04-28,187.1597044074353,184.88488488488488,9.002345254572965
2022-04-29,196.7700923114592,184.98498498498498,8.926116709398654
2022-04-30,190.66795127484602,185.0850850850851,8.847246782682625
2022-05-01,193.80059091329156,185.1851851851852,8.765758813305066
2022-05-02,196.18882702224144,185.28528528528528,8.681676914867172
2022-05-03,203.69319929911777,185.3853853853854,8.595025968555415
2022-05-04,187.40246687853315,185.4854854854855,8.505831615778884
2022-05-05,198.3246167614983,185.5855855855856,8.414120250581583
2022-05-06,198.3492209783875,185.6856856856857,8.319919011831956
2022-05-07,190.8179676970815,185.78578578578578,8.223255775192102
2022-05-08,197.0075642710147,185.8858858858859,8.124159144868894
2022-05-09,202.22582518759504,185.985985985986,8.02265844514958
2022-05-10,190.18001375174805,186.08608608608608,7.918783711724181
2022-05-11,195.20610085465947,186.1861861861862,7.812565682797505
2022-05-12,196.01432889597842,186.2862862862863,7.704035789993182
2022-05-13,196.65050681020674,186.3863863863864,7.593226149052594
2022-05-14,197.81311484039784,186.4864864864865,7.48016955033124
2022-05-15,194.783010176943,186.58658658658658,7.364899449095565
2022-05-16,196.5013175740498,186.6866866866867,7.247449955623085
2022-05-17,189.35727436127664,186.7867867867868,7.12785582510848
2022-05-18,194.71305680246374,186.88688688688688,7.006152447379053
2022-05-19,191.48765649500672,186.986986986987,6.882375836422279
2022-05-20,187.69450518104543,187.0870870870871,6.756562619728741
2022-05-21,191.27021446745607,187.1871871871872,6.6287500274533855
2022-05-22,195.13354512967618,187.2872872872873,6.498975881398573
2022-05-23,195.93365235306032,187.38738738738738,6.367278583821974
2022-05-24,187.37888898894641,187.4874874874875,6.233697106072773
2022-05-25,188.99747498102258,187.5875875875876,6.098270977059343
2022-05-26,197.27200935770583,187.68768768768768,5.961040271552042
2022-05-27,196.1505738491916,187.7877877877878,5.822045598324487
2022-05-28,198.00472928625632,187.8878878878879,5.68132808813668
2022-05-29,200.3660695054346,187.987987987988,5.538929381563814
2022-05-30,196.1724152527152,188.0880880880881,5.39489161667411
2022-05-31,191.36340746889343,188.18818818818818,5.249257416559601
2022-06-01,193.96460545542098,188.2882882882883,5.102069876723101
2022-06-02,201.641246445351,188.3883883883884,4.953372552325668
2022-06-03,207.1139429227133,188.48848848848849,4.803209445297885
2022-06-04,195.55569540861944,188.5885885885886,4.651624991319044
2022-06-05,195.86512342941305,188.6886886886887,4.498664046667822
2022-06-06,196.7617024987245,188.7887887887888,4.344371874948631
2022-06-07,193.19664725168315,188.8888888888889,4.188794133697436
2022-06-08,198.84023536157295,188.98898898898898,4.031976860870862
2022-06-09,198.00328201397625,189.0890890890891,3.873966461222887
2022-06-10,194.67588111750615,189.1891891891892,3.714809692572892
2022-06-11,191.25374341123054,189.2892892892893,3.554553651969341
2022-06-12,185.17915321425662,189.3893893893894,3.393245761752903
2022-06-13,196.38249098308424,189.4894894894895,3.2309337555234867
2022-06-14,193.7215468297352,189.5895895895896,3.0676656640150526
2022-06-15,188.9043408373019,189.68968968968971,2.9034898008826744
2022-06-16,186.8786432132222,189.78978978978978,2.7384547484055566
2022-06-17,195.76966347991703,189.8898898898899,2.5726093431108676
2022-06-18,184.38981104322744,189.98998998999,2.4060026613222654
2022-06-19,193.82698003194642,190.0900900900901,2.2386840046373173
2022-06-20,196.47864512137312,190.1901901901902,2.0707028853384344
2022-06-21,194.94186373411478,190.2902902902903,1.9021090117413573
2022-06-22,190.16964379208392,190.3903903903904,1.7329522734857314
2022-06-23,185.8069007948878,190.49049049049052,1.5632827267718599
2022-06-24,194.91883736911487,190.59059059059058,1.3931505795483363
2022-06-25,197.91591232711247,190.6906906906907,1.2226061766546514
2022-06-26,188.9788240019991,190.7907907907908,1.0516999849235054
2022-06-27,194.30591447060178,190.8908908908909,0.880482578246577
2022-06-28,199.60757120725916,190.990990990991,0.7090046226091078
2022-06-29,193.3226434343962,191.0910910910911,0.5373168610970562
2022-06-30,189.57226056568348,191.1911911911912,0.36547009888120907
2022-07-01,196.68907417979037,191.29129129129132,0.19351518818325447
2022-07-02,187.72508953383007,191.39139139139138,0.021503013227738687
2022-07-03,184.85001589141106,191.4914914914915,-0.15051552481532363
2022-07-04,195.33070802442847,191.5915915915916,-0.32248952289303123
2022-07-05,189.16651228314132,191.6916916916917,-0.49436809113255714
2022-07-06,189.54308635387306,191.7917917917918,-0.6661003679003169
2022-07-07,187.91955317928387,191.8918918918919,-0.837635534852673
2022-07-08,188.61898218224755,191.991991991992,-1.008922831974006
2022-07-09,197.92734765712908,192.09209209209212,-1.1799115725973859
2022-07-10,199.15413486270708,192.19219219219218,-1.350551158403447
2022-07-11,199.74639437862191,192.2922922922923,-1.5207910943934577
2022-07-12,196.1524144944485,192.3923923923924,-1.6905810038314617
2022-07-13,192.96397814820705,192.4924924924925,-1.8598706431516163
2022-07-14,183.40255471610104,192.5925925925926,-2.0286099168260034
2022-07-15,189.55832028600216,192.6926926926927,-2.1967488921888068
2022-07-16,201.21232742169911,192.7927927927928,-2.3642378142121205
2022-07-17,188.18375787890037,192.89289289289292,-2.5310271202292967
2022-07-18,197.8666479122531,192.99299299299298,-2.6970674546012696
2022-07-19,190.50596250492407,193.0930930930931,-2.8623096833217825
2022-07-20,176.77577635537057,193.1931931931932,-3.0267049085569004
2022-07-21,193.30551662852358,193.2932932932933,-3.1902044831145258
2022-07-22,196.3719068494448,193.3933933933934,-3.352760024840176
2022-07-23,189.73419021935706,193.4934934934935,-3.5143234309337217
2022-07-24,196.0840017238366,193.5935935935936,-3.67484689218406
2022-07-25,181.52027321449188,193.69369369369372,-3.8342829071163993
2022-07-26,182.87338817824812,193.79379379379378,-3.9925842960488094
2022-07-27,190.7685112192688,193.8938938938939,-4.149704215053547
2022-07-28,192.07397146326292,193.993993993994,-4.30559616981873
2022-07-29,196.41677440764863,194.0940940940941,-4.460214029406849
2022-07-30,192.77530448803128,194.1941941941942,-4.613512039905755
2022-07-31,183.5607040095013,194.2942942942943,-4.765444837967782
2022-08-01,190.54365504053268,194.3943943943944,-4.915967464233619
2022-08-02,192.43309634429883,194.49449449449452,-5.065035376636446
2022-08-03,180.01082013752617,194.59459459459458,-5.212604463582775
2022-08-04,189.11789628899902,194.6946946946947,-5.358631057005589
2022-08-05,187.61381012981715,194.7947947947948,-5.503071945286519
2022-08-06,185.97554514012322,194.8948948948949,-5.6458843860429555
2022-08-07,191.70185413498237,194.994994994995,-5.787026118775987
2022-08-08,183.42023208492927,195.0950950950951,-5.926455377376204
2022-08-09,191.2154618527307,195.1951951951952,-6.064130902482757
2022-08-10,191.89273898764705,195.29529529529532,-6.200011953692753
2022-08-11,194.48015362508318,195.39539539539538,-6.3340583216170785
2022-08-12,183.41216884175364,195.4954954954955,-6.466230339778837
2022-08-13,181.47293560747147,195.5955955955956,-6.596488896351387
2022-08-14,190.3654182866585,195.6956956956957,-6.724795445732231
2022-08-15,187.51332760650817,195.7957957957958,-6.851112019949128
2022-08-16,203.433745968469,195.8958958958959,-6.975401239895528
2022-08-17,191.19086205081905,195.995995995996,-7.097626326391603
2022-08-18,189.16915354354913,196.09609609609612,-7.217751111067896
2022-08-19,187.99631637074611,196.19619619619618,-7.335740047067976
2022-08-20,182.75442884953165,196.2962962962963,-7.451558219567395
2022-08-21,191.65063280506376,196.3963963963964,-7.565171356105624
2022-08-22,188.4242255284148,196.4964964964965,-7.676545836727677
2022-08-23,188.41937947551656,196.5965965965966,-7.785648703932875
2022-08-24,189.27646565176244,196.6966966966967,-7.892447672427557
2022-08-25,189.90594830770434,196.7967967967968,-7.996911138678674
2022-08-26,180.10161047704332,196.89689689689692,-8.099008190265968
2022-08-27,192.98340341382243,196.99699699699698,-8.19870861502921
2022-08-28,184.56889231300877,197.0970970970971,-8.295982910008727
2022-08-29,188.11623391967836,197.1971971971972,-8.390802290175682
2022-08-30,195.24368320367384,197.2972972972973,-8.483138696949906
2022-08-31,197.72167555224485,197.3973973973974,-8.572964806503142
2022-09-01,180.3347712665212,197.4974974974975,-8.660254037844377
2022-09-02,189.0038411752851,197.5975975975976,-8.744980560685743
2022-09-03,190.23514432044192,197.69769769769772,-8.82711930308599
2022-09-04,181.3535017079708,197.79779779779778,-8.906645958869747
2022-09-05,192.9273177251686,197.8978978978979,-8.983536994820135
2022-09-06,189.52154172742632,197.997997997998,-9.057769657642542
2022-09-07,189.93957409587534,198.0980980980981,-9.129321980697737
2022-09-08,184.41226081598634,198.1981981981982,-9.198172790502193
2022-09-09,191.09842980221148,198.2982982982983,-9.264301712993566
2022-09-10,193.26182900078828,198.3983983983984,-9.327689179559783
2022-09-11,189.74667148429853,198.49849849849852,-9.388316432829669
2022-09-12,186.5827535615597,198.59859859859858,-9.446165532223592
2022-09-13,187.0171327492045,198.6986986986987,-9.501219359262363
2022-09-14,190.34731571179583,198.7987987987988,-9.553461622632787
2022-09-15,189.54000892779337,198.8988988988989,-9.602876863008664
2022-09-16,193.87365913697064,198.998998998999,-9.649450457625337
2022-09-17,187.0046390368714,199.0990990990991,-9.693168624606876
2022-09-18,183.37327775845077,199.1991991991992,-9.734018427044308
2022-09-19,191.32424190907798,199.29929929929932,-9.77198777682387
2022-09-20,187.20468469620175,199.39939939939939,-9.807065438204114
2022-09-21,193.57866821354065,199.4994994994995,-9.839241031140682
2022-09-22,189.76878771752965,199.5995995995996,-9.868505034357963
2022-09-23,193.07891693335722,199.6996996996997,-9.894848788166602
2022-09-24,184.80995006911985,199.7997997997998,-9.918264497026016
2022-09-25,190.6780859841978,199.8998998998999,-9.938745231851225
2022-09-26,186.54739903101714,200.0,-9.956284932063292
